{"title":"TỔNG QUAN TÀI LIỆU","markdown":{"headingText":"TỔNG QUAN TÀI LIỆU","containsRefs":false,"markdown":"## Đại cương về giấc ngủ \n### Định nghĩa về giấc ngủ \nNgủ là một trạng thái sinh lý của cơ thể có tính chất chu kỳ ngày đêm. Khi đó toàn bộ cơ thể được nghỉ ngơi, tạm ngừng các hoạt động tri giác và ý thức, các cơ bắp giãn mềm, các hoạt động hô hấp tuần hoàn giảm chậm lại. Trong trạng thái ngủ, ý thức bị thay đổi, hoạt động của các giác quan bị ức chế ở một mức độ nhất định, đồng thời, hoạt động của cơ bắp và các tương tác với môi trường xung quanh giảm đi đáng kể. Mặc dù ngủ khác với tình trạng thức về khả năng đáo ứng với các kích thích, nhưng trong giấc ngủ, não bộ vẫn có hoạt động, vẫ đáp ứng mạnh hơn so với não trong tình trạng rối loạn ý thức hoặc hôn mê. (NINDS, không ngày) Giấc ngủ là nhu cầu sinh lý tự nhiên của con người, và là hành vi được bảo tồn cao trong suốt quá trình tiến hoá (Joiner, 2016), trong giấc ngủ, cơ thể trải qua các giai đoạn khác nhau, hoạt động não bộ trong giấc ngủ là một hoạt động hiệu quả, nhằm duy trì và cải thiện chức năng của cơ thể .\n\n### Các giai đoạn bình thường của giấc ngủ\nCó hai loại giấc ngủ cơ bản: giấc ngủ chuyển động mắt nhanh (REM) và giấc ngủ không REM (NREM). Chu kỳ giấc ngủ của giấc ngủ non-REM và REM xen kẽ trung bình mất 90 phút, xảy ra 4–6 chu kỳ trong một đêm ngủ ngon giấc(Peraita-Adrados, không ngày) (McCarley, 2007) Trong giấc ngủ NREM, các nhà khoa học đã xác định được ba giai đoạn khác nhau, mỗi giai đoạn liên quan đến các dạng sóng não và hoạt động thần kinh đặc trưng. Cơ thể sẽ trải qua các chu kỳ giấc ngủ NREM và REM nhiều lần trong một đêm, với các giai đoạn REM kéo dài và sâu hơn vào cuối giấc ngủ. Giấc ngủ NREM xảy ra trước và sau một giai đoạn chuyển tiếp được gọi là giấc ngủ sóng chậm (slow-wave slee) hay còn gọi là giấc ngủ sâu. Trong giai đoạn này, nhiệt độ cơ thể và nhịp tim giảm, não sử dụng ít năng lượng hơn. (Maquet và c.s., 2005) NREM đặc trưng bởi sự suy giảm lưu lượng dòng máu đến toàn bộ não. Nó cấu thành xấp xỉ khoảng 80% tổng thời gian ngủ ở người trưởng thành(Parmeggiani, 2011). NREM là giấc ngủ sâu (giai đoạn sâu nhất của NREM được gọi là giấc ngủ sóng chậm), mà trong đó không có các chuyển động mắt và các cơ đều bị tê liệt. Đặc biệt trong giấc ngủ NREM, bộ não tiêu thụ năng lượng ít hơn so với lúc thức một cách đáng kể. Khi hoạt động ức chế điện thế diễn ra ở nhiều vùng não, điều này ám chỉ đang có sự tiến hành khôi phục lại adenosine triphosphate (ATP), phân tử được mệnh danh là đồng tiền năng lượng của tế bào, đóng vai trò vận chuyển năng lượng và là kho dự trữ ngắn hạn tạo thuận lợi cho quá trình tổng hợp chất dẫn truyền thần diễn ra(Simon, 2011). Trong giấc ngủ sóng chậm, cơ thể con người bắt đầu xuất hiện những làn sóng phân tử protein GH ( hormone sinh trưởng)do thùy trước tuyến yên tiết ra, có tác dụng điều hòa trực tiếp chức năng chuyển hóa của toàn bộ cơ thể. Đối với prolactin, mọi dạng giấc ngủ ở bất cứ thời điểm nào ngay cả ban ngày đều gắn liền với sự giải phóng chất này (Parmeggiani, 2011)\n\nGiấc ngủ NREM: chia làm 3 giai đoạn, mỗi giai đoạn có một đặc trưng riêng: + Giai đoạn 1: là khoảng thời gian thiu thiu ngủ, đây giấc ngủ nông, trạng thái lơ mơ, ngủ gà ngủ gật, chiếm 5 - 10% tổng lượng giấc ngủ của người trưởng thành. Đây là quá trình chuyển đổi từ trạng thái tỉnh táo sang giấc ngủ, và thỉnh thoảng xảy ra khoảng giữa giai đoạn ngủ sâu và REM. Trong giai đoạn khởi điểm giấc ngủ này, sóng não bắt đầu châm lại so với trạng thái thức ban ngày, nhịp tim, hơi thở chậm lại, các cơ thư giãn nhưng có thể xuất hiện những cử động giật nhẹ, và đồng tử cử động chậm rãi, mắt mở và đóng một cách vừa phải, có thể xuất hiện hiện tượng rung giật cơ đột ngột lúc ngủ (hypnic jerks), một số người cũng có thể trải nghiệm ảo giác thôi miên giấc ngủ (hypnagogic hallucinations) trong giai đoạn này. Trong NREM1, con người có sự mất đi trương lực cơ ở một số cơ nhất định, và hầu như vẫn còn năng lực ý thức đối với môi trường xung quanh (Simon, 2011). Giai đoạn này thường kéo dài vài phút. + Giai đoạn 2: Giai đoạn 2 là một giai đoạn ngủ nhẹ trước khi cơ thể đi vào giấc ngủ sâu hơn, chiếm 45–55% tổng lượng giấc ngủ (Fuller và c.s., 2006), trong giai đoạn ngủ chưa sâu, nhãn cầu ngừng chuyển động, xuất hiện hình thoi trên điện não bắt đầu giấc ngủ, người ngủ yên tĩnh không thấy cử động. Ở giai đoạn này: • Nhịp tim và hơi thở tiếp tục chậm lại • Cơ bắp thư giãn hơn nữa • Nhiệt độ cơ thể giảm xuống • Chuyển động mắt ngừng hẳn • Hoạt động sóng não chậm lại, nhưng có những đợt ngắn sóng điện não hoạt động mạnh hơn\n\n-   Giai đoạn 3: Đây là giai đoạn giấc ngủ sâu, rất quan trọng để cơ thể cảm thấy sảng khoái vào buổi sáng. Trong giai đoạn này ghi nhận giảm hình thoi và chỉ xuất hiện sóng chậm với các sóng nhỏ và nhanh hơn trên điện não, chiếm từ 20-50% sóng delta. Giai đoạn này xảy ra nhiều hơn trong nửa đầu của giấc ngủ, có các đặc điểm: • Nhịp tim và hơi thở chậm xuống mức thấp nhất • Cơ bắp thư giãn hoàn toàn • Sóng não trở nên rất chậm • Khó bị đánh thức trong giai đoạn này \n![Hình 1: Chu kỳ giấc ngủ](chu_ky_giac_ngu.png)\n\n• Hình ảnh điện não đồ trong 30 ghi lại trong giai đoạn NREM 3 • Giai đoạn NREM 3 (N3 – chiếm 15–25% tổng lượng giấc ngủ): Trước đây được chia thành giai đoạn 3 và 4, đây là giai đoạn giấc ngủ sóng chậm (SWS) hay còn gọi là giấc ngủ sâu. • Giai đoạn này đặc trưng bởi có sóng delta (chiếm tối thiểu 20%), tần số từ khoảng 0.5–2 Hz và có biên độ đỉnh tới đỉnh \\>75 μV. Đây cũng là giai đoạn khả năng sẽ xuất hiện các rối loạn giấc ngủ chẳng hạn như là ác mộng về đêm, đái dầm, mộng du, nói mớ. Nhiều mô hình vẫn còn cho ra giai đoạn N3 với sóng delta tỷ lệ 20–50%, và giai đoạn N4 sóng delta \\>50%; trong khi vốn dĩ đã được tiêu chuẩn hóa và kết hợp lại chỉ mô tả giai đoạn N3 (Fuller và c.s., 2006).\n\nGiấc ngủ REM Giấc ngủ REM chiếm một phần nhỏ hơn trong tổng thời gian ngủ. Giấc ngủ REM được xem là \"tiệm cận\" với trạng thái thức, được đặc trưng bởi sự mất trương lực cơ và hiện tượng chuyển động mắt nhanh. Giấc ngủ đánh dấu hoạt động mạnh mẽ của não, sóng điện não nhanh và mất đồng bộ, nhịp tim và hô hấp nhanh, huyết áp tăng nhẹ, nhãn cầu vận động nhanh (trong khi vẫn nhắm mắt), ở nam giới thường gặp cương dương vật, nhu cầu tiêu thụ oxy não tăng cao (Parmeggiani, 2011) . Giấc ngủ REM xuất hiện khoảng 90 phút sau khi bạn ngủ. Ở giai đoạn này: • Mắt di chuyển nhanh từ bên này sang bên kia sau mí mắt nhắm • Hoạt động sóng não có tần số hỗn hợp, gần giống khi bạn đang thức • Hơi thở trở nên nhanh và không đều • Nhịp tim và huyết áp tăng lên gần mức khi tỉnh táo • Hầu hết các giấc mơ diễn ra trong giai đoạn REM, mặc dù một số giấc mơ cũng có thể xảy ra trong giấc ngủ không REM • Các cơ ở tay và chân bị tê liệt tạm thời, giúp bạn không thực hiện các hành động theo giấc mơ Khi lớn tuổi, thời gian ngủ REM giảm đi. Quá trình củng cố trí nhớ có thể cần cả giấc ngủ REM và không REM. ![Hình 2: Hình ảnh điện não đồ trong 30 ghi lại trong giai đoạn NREM 3](Dien_nao_do.png) Giấc ngủ bình thường diễn ra có tính chu kỳ bắt đầu bằng pha chậm và kết thúc bằng pha nhanh. Mỗi chu kỳ diễn ra trong khoảng từ 90-110 phút, mỗi đêm ngủ có khoảng 4-5 chu kỳ được lặp lại kế tiếp nhau. Cụ thể gần sáng pha giấc ngủ nhanh có thể kéo dài 90 phút.\n\n### Chức năng của giấc ngủ\n\nTrong giấc ngủ, hầu hết các cơ quan trong cơ thể đều ở trạng thái đồng hoá, giúp phục hồi hệ miễn dịch, hệ thần kinh, hệ xương và hệ cơ (Krueger và c.s., 2016), giúp duy trì cảm xúc, trí nhớ và chức năng nhận thức. Giấc ngủ NREM tăng lên khi cơ thể đói hoặc sau vận động do liên quan đến nhu cầu chuyển hoá của cơ thể. Các nghiên cứu về giấc ngủ REM cho thấy ở người trưởng thành, giấc ngủ REM chiếm 20%, ở trẻ nhỏ chiếm 50% và có một số vai trò quan trọng của giấc ngủ REM (Roffwarg và c.s., 1966; Van Cauter và c.s., 2000). Cùng với sự phát triển của kỹ thuật EEG, thật đáng ngạc nhiên là hầu như các xung điện năng mô não nội sinh vẫn tiếp tục vận hành trong quá trình ngủ, dẫn đến khái niệm rằng chức năng của nó chính là tái tổ chức hay chuyên hóa các mạch nron, hoặc là gia tăng sự nối kết giữa các neuron thêm vững chắc(Krueger và c.s., 1999, 1999). Một số chức năng của giấc ngủ được đề ra qua nhiều giả thuyết và nghiên cứu như: - Phục hồi và bảo vệ bộ não(Mirmiran và c.s., 2003) . - Lọc các chất chuyển hóa tích tụ trong hệ thần kinh (Mirmiran và c.s., 2003) - Giấc ngủ đóng vai trò cần thiết để sửa chữa DNA và tự thực bào một cách hiệu quả(Zada và c.s., 2019). - Chuyển và sắp xếp trí nhớ ngắn hạn thành trí nhớ dài hạn(Plihal & Born, 1997). - Phục hồi các chức năng sinh học: hệ miễn dịch, chữa lành vết thương.(Opp, 2009)\n\n-   Giấc ngủ ảnh hưởng và đôi khi quyết định đến cả thời gian và biên độ giải phóng của nhiều nội tiết tố, cân bằng hệ nội tiết(Knutson và c.s., 2007) .\n-   Hồi phục các chức năng tâm lý , hành vi(Neil R. Carlson và c.s., 2010). Thiếu ngủ dễ gây mất chú ý, rối loạn kiểm soát hành vi(Lim & Dinges, 2008), kích đồng các trạng thái tâm thần như cơn cuồng nộ, sợ hãi và trầm cảm(Van der Helm và c.s., 2010)\n\n## Tổng quan về mất ngủ theo YHHĐ\n\n### Khái niệm mất ngủ\n\nMất ngủ là một rối loạn giấc ngủ thường gặp, trong đó người bệnh gặp khó khăn trong việc bắt đầu giấc ngủ, duy trì giấc ngủ hoặc thức dậy quá sớm và không thể ngủ lại. Hậu quả là giấc ngủ không đủ chất lượng hoặc số lượng, khiến người bệnh cảm thấy mệt mỏi, uể oải, thiếu tập trung vào ban ngày. Tỉ lệ mất ngủ có thể từ 4% cho tới 48%. Khoảng 33% dân số bị một trong nhiều triệu chứng của mất ngủ, 15% bị ngầy ngật trong ban ngày, 18% không thoả mãn với giấc ngủ. 30% bệnh mất ngủ có liên hệ bệnh tâm thần (Paisley và c.s., 2005)\n\n### Phân loại mất ngủ\n\nPhân loại mất ngủ: . Theo thời gian diễn ra • Mất ngủ cấp tính (ngắn hạn): o Xuất hiện đột ngột và kéo dài dưới 1 tháng. o Thường xảy ra khi có các yếu tố gây căng thẳng ngắn hạn như mất mát, áp lực công việc, thay đổi môi trường sống, hoặc sự kiện tâm lý đáng kể. • Mất ngủ mạn tính (dài hạn): o Kéo dài từ 1 tháng trở lên. o Có thể liên quan đến các vấn đề tâm lý, bệnh lý mãn tính hoặc thói quen sinh hoạt không lành mạnh, và thường đòi hỏi can thiệp lâu dài để cải thiện. . Theo nguyên nhân gây ra • Mất ngủ nguyên phát: Đặc điểm: o Không liên quan trực tiếp đến bất kỳ bệnh lý thể chất hoặc tâm thần cụ thể nào. o Thường phát sinh do các yếu tố liên quan đến thói quen sinh hoạt, căng thẳng hàng ngày, rối loạn nhịp sinh học hoặc môi trường ngủ không thích hợp. Các dạng mất ngủ nguyên phát: (AASM, 2014) 1. Không rõ nguyên nhân o Đặc điểm: khởi phát từ thời thơ ấu, không xác định được nguyên nhân rõ ràng. o Cơ chế có thể liên quan đến sự rối loạn bẩm sinh trong hệ thống điều hòa giấc ngủ. 2. Tâm sinh lý o Là dạng mất ngủ liên quan đến căng thẳng hoặc điều kiện tâm lý. o Người bệnh có sự liên kết tiêu cực với việc ngủ, ví dụ như lo lắng về giấc ngủ khi nằm trên giường khiến họ càng khó ngủ. 3. Nghịch lý o Người bệnh tin rằng mình ngủ rất ít hoặc không ngủ, mặc dù các xét nghiệm (như polysomnography) cho thấy giấc ngủ bình thường hoặc gần bình thường. o Gọi là “nghịch lý” vì cảm nhận của người bệnh trái ngược với kết quả khách quan • Mất ngủ thứ phát: o Xảy ra như một triệu chứng hoặc hậu quả của các bệnh lý khác, chẳng hạn như trầm cảm, lo âu, bệnh lý nội khoa (như hen suyễn, bệnh lý tim mạch, đau mãn tính, Parkinson…) o Do tác dụng phụ của một số loại thuốc hay chất kích thích (cà phê, rượu, nicotine…) . Theo biểu hiện lâm sàng • Khó đi vào giấc ngủ (initial insomnia): o Người bệnh mất nhiều thời gian (thường hơn 30 phút) để có thể chìm vào giấc ngủ sau khi lên giường. • Khó duy trì giấc ngủ (middle insomnia): o Giấc ngủ bị gián đoạn, người bệnh thường xuyên thức giấc giữa đêm và gặp khó khăn khi quay trở lại giấc ngủ. • Thức dậy sớm (terminal insomnia): o Người bệnh thức dậy quá sớm và không thể ngủ thêm, mặc dù có thể còn nhu cầu ngủ thêm để bù đắp giấc ngủ đã mất. 2.3 Mất ngủ không thực tổn theo ICD-10 Theo phân loại quốc tế ICD-10, mất ngủ không thực tổn thuộc nhóm rối loạn giấc ngủ không thực tổn được biệt định F51, bao gồm 8 mã bệnh. Trong đó Mất ngủ không thực tổn có mã là F51.0 (Seow và c.s., không ngày) (Bộ y tế, không ngày)\n\nTheo ICD-10 định nghĩa: Mất ngủ không thực tổn hay còn gọi là trạng thái mất ngủ mạn tính, nguyên phát là trạng thái không thoả mãn về số lượng và chất lượng giấc ngủ, tồn tại trong một thời gian dài, được đặc trưng bằng các điểm sau: - Khó đi vào giấc ngủ: là than phiền thường gặp nhất, có hầu hết các bệnh nhân. - Khó duy trì giấc ngủ và thức dậy sớm - Chất lượng giấc ngủ kém - Triệu chứng ban ngày: mệt mỏi, khó chịu và suy giảm nhận thức - Xảy ra ít nhất vài lần/ tuần kéo dài liên tục ít nhất vài tháng Mất ngủ thường gặp trong các rối loạn cảm xúc (trầm cảm, hưng cảm), rối loạn lo âu, phân liệt cảm xúc (ức chế cảm xúc, cáu gắt, bực tức), các liên quan đến các stress đời sống (công việc, gia đình), gặp nhiều hơn ở phụ nữ, ở người lớn tuổi, những người bất lợi kinh tế, ảnh hưởng bởi yếu tố môi trường bên ngoài (ánh sáng, tiếng ồn, nhiệt độ...) gặp trong các bệnh lý mãn tĩnh (suy thận mạn tính, tăng huyết áp, di chứng sau xuất huyết não, đau nhức, sa sút trí tuệ…). Tiêu chuẩn chẩn đoán theo ICD-10(T. S. Nguyễn và c.s., 2020): - Bệnh nhân phàn nàn về việc khó đi vào giấc ngủ, khó duy trì giấc ngủ hoặc ngủ không ngon giấc. - Rối loạn giấc ngủ xảy ra ít nhất ba lần một tuần trong vòng ít nhất một tháng. - Rối loạn giấc ngủ gây ra sự suy sụp rõ nét hoặc làm rối loạn hoạt động chức năng cá nhân trong cuộc sống hàng ngày. - Không có nguyên nhân thực tổn như một bệnh lý thần kinh hoặc bệnh nội khoa, không có rối loạn sử dụng chất tác động tâm thần hoặc một loại thuốc. Mô hình 3P giải thích cơ chế sinh bệnh: • Yếu tố dễ mắc (Predisposing): như kiểu người dễ lo âu, rối loạn nhịp sinh học. • Yếu tố khởi phát (Precipitating): stress, thay đổi công việc, mất người thân. • Yếu tố duy trì (Perpetuating): thói quen ngủ không lành mạnh, lo âu về giấc ngủ, sử dụng thuốc ngủ kéo dài(APA, 2013). Ngoài ra, nghiên cứu hình ảnh học (fMRI) cho thấy tăng hoạt động vỏ não trán giữa và hệ viền trong giấc ngủ, làm mất khả năng \"tắt não\" khi ngủ, dẫn đến tăng kích hoạt thần kinh (hyperarousal) – một yếu tố nền của mất ngủ không thực tổn.(Perlis và c.s., 2005)\n\n### Dịch tễ học\n\nTrong những thập kỷ gần đây, tỷ lệ mất ngủ trên toàn cầu đã gia tăng đáng kể, trở thành một vấn đề sức khỏe cộng đồng nghiêm trọng. Bệnh gặp ở mọi lứa tuổi, nữ nhiều hơn nam, người cao tuổi nhiều hơn trẻ tuổi. Mất ngủ lâu ngày dẫn đến mệt mỏi, thiếu tập trung và giảm năng suất làm việc, đồng thời gia tăng nguy cơ mắc các bệnh khác kèm theo như trầm cảm, lo âu, tim mạch, đái tháo đường, béo phì(Perlis và c.s., 2005) . Theo báo cáo của Tổ chức Y tế Thế giới (WHO), khoảng 10–30% dân số thế giới trải qua các triệu chứng liên quan đến mất ngủ, trong đó từ 6–10% được chẩn đoán mắc chứng mất ngủ mạn tính(World Health Organization, không ngày). Tại Mỹ, theo nghiên cứu của Ohayon (2002), tỷ lệ người Mỹ bị mất ngủ chiếm 10-30% dân số, trong đó mất ngủ mạn tính chiếm 6-10% người trưởng thành(RAND Europe, 2023). Đặc biệt, nghiên cứu của RAND Europe vào năm 2023 cho thấy mất ngủ không chỉ ảnh hưởng đến cá nhân mà còn gây ra những hậu quả kinh tế và xã hội rộng lớn, ảnh hưởng đến các quốc gia ở châu Âu, Bắc Mỹ và Úc(RAND Europe, 2023)\\\nMất ngủ không chỉ ảnh hưởng đến chất lượng cuộc sống mà còn làm gia tăng nguy cơ mắc các bệnh lý nghiêm trọng như tim mạch, đột quỵ và rối loạn tâm thần. Nghiên cứu được công bố trên tạp chí Neurology chỉ ra rằng những người có triệu chứng mất ngủ nghiêm trọng có nguy cơ cao hơn mắc đột quỵ, đặc biệt là ở những người dưới 50 tuổi. Ngoài ra, mất ngủ còn liên quan đến suy giảm hiệu suất lao động và tăng chi phí y tế, gây áp lực lên hệ thống y tế và nền kinh tế(Health.com, 2023) Nghiên cứu trên thế giới ước tính chi phí chăm sóc y tế (nội trú, ngoại trú, dược, cấp cứu...) tăng thêm 934USD/người/năm ở lứa tuổi trẻ và trung niên (18- 64 tuổi ) khi mắc bệnh mất ngủ và thêm 1143 USD ở người cao tuổi (trên 65 tuổi) so với những bệnh nhân khác(Charles & Denise, 2022). Tỷ lệ nghỉ làm do mất ngủ gây thiệt hại khoảng 970 triệu đô la Mỹ, giảm năng suất làm việc và tai nạn nơi làm việc ước tính khoảng 5 tỷ đô la Mỹ, tổng chi phí cho mất ngủ hằng năm là 6,6 tỷ đô la Mỹ (Musa và c.s., 2018). Đây là gánh nặng về kinh tế cho cộng đồng(Nowakowski và c.s., 2013).\n\nĐể đối phó với tình trạng này, cần có sự can thiệp kịp thời và hiệu quả từ các cơ quan y tế, bao gồm việc nâng cao nhận thức cộng đồng về tầm quan trọng của giấc ngủ, thúc đẩy các biện pháp phòng ngừa và điều trị mất ngủ, cũng như nghiên cứu sâu hơn về các yếu tố nguy cơ và phương pháp điều trị hiệu quả. Việc cải thiện chất lượng giấc ngủ không chỉ nâng cao sức khỏe cá nhân mà còn góp phần vào sự phát triển bền vững của xã hội. Tại Việt Nam, tình hình mất ngủ đã trở thành vấn đề sức khỏe cộng đồng quan trọng khi tỷ lệ mắc các rối loạn giấc ngủ có xu hướng gia tăng theo thời gian, đặc biệt trong bối cảnh xã hội hiện đại với nhịp sống nhanh và áp lực công việc ngày càng tăng. Các nghiên cứu và báo cáo từ nhiều nguồn đều cho thấy tỷ lệ và đặc điểm của mất ngủ ở các nhóm dân số khác nhau như sau: Theo thông tin của Bộ Y tế đã ghi nhận tình trạng rối loạn giấc ngủ tăng đáng kể những năm qua. Ước tính có khoảng: 20% trẻ em, 15–20% thanh thiếu niên, 15–20% người trưởng thành, 30–40% người già. Những con số này cho thấy rằng các nhóm có độ tuổi cao, đặc biệt là người cao tuổi, có nguy cơ mắc rối loạn giấc ngủ cao hơn, dù tình trạng mất ngủ cũng không chỉ giới hạn ở nhóm người già mà hiện nay đã trẻ hóa với nhiều báo cáo cho thấy người trẻ cũng bị ảnh hưởng nghiêm trọng do các yếu tố như lạm dụng thiết bị điện tử, căng thẳng do công việc và áp lực xã hội (Đỗ và c.s., 2024). Các nghiên cứu chuyên sâu tại Việt Nam cũng đã chỉ ra rằng: Tỷ lệ người dân đến khám vì mất ngủ chiếm 10-20% tại các chuyên khoa thần kinh \\[10\\]. Theo tác giả Trần Thị Kim Thu – Trung tâm chăm sóc sức khỏe cộng đồng Thành phố Hồ Chí Minh cho biết có khoảng 80% bệnh nhân đến khám vì rối loạn giấc ngủ, 5% trong số đó ở thời kỳ quá nặng. Tại bệnh viện Tâm thần thành phố Hồ Chí Minh, mỗi ngày có hàng trăm người đến khám, thì trên 90% bệnh nhân than phiền về mất ngủ. Theo nghiên cứu của Trần Hữu Bình và cộng sự (2021) ghi nhận tỷ lệ mất ngủ không thực tổn ở người trưởng thành là 11,3%, cao hơn ở nữ giới, người ly hôn, nghề tự do(H. B. Trần & Nguyễn, 2021)..\n\n• Bệnh nhân sau đột quỵ: Một nghiên cứu được công bố trên Tạp chí Y học Việt Nam tại Bệnh viện Y học cổ truyền Cần Thơ cho thấy tỷ lệ mất ngủ ở bệnh nhân sau đột quỵ đạt khoảng 39,6%. Ngoài ra, nghiên cứu này còn phát hiện mối liên quan giữa bệnh đi kèm như đái tháo đường và nguy cơ mất ngủ, với bệnh nhân kèm đái tháo đường có nguy cơ mất ngủ cao hơn (51,5% so với 35,6%).(Đỗ và c.s., 2024) • Sinh viên và người lao động trẻ: Các khảo sát trên các trường đại học cho thấy tỷ lệ mất ngủ ở sinh viên, đặc biệt là sinh viên ngành y và điều dưỡng, dao động từ 38–60% tùy vào từng nghiên cứu. Ví dụ, một khảo sát được thực hiện tại Đại học Duy Tân ghi nhận tỷ lệ mất ngủ khoảng 38,2% với những yếu tố liên quan như giới tính, trình độ học vấn, tình trạng tâm lý và điều kiện nhà ở có ảnh hưởng đáng kể đến chất lượng giấc ngủ. (T. T. Trần và c.s., 2024) • Người trẻ và những người làm việc trong môi trường áp lực cao: khảo sát của Wakefield Research cho thấy 37% người trẻ Việt (đặc biệt ở độ tuổi 20–30) mắc chứng mất ngủ, trong khi 73% báo cáo có mức độ căng thẳng cao do rối loạn giấc ngủ. Các chuyên gia cảnh báo rằng mất ngủ kéo dài ở người trẻ không chỉ ảnh hưởng đến hiệu suất làm việc và học tập mà còn có thể dẫn đến các hệ lụy về sức khỏe tinh thần, như trầm cảm và lo âu, nếu không được can thiệp kịp thời.(vtv.vn, 2023) (T. N. Q. Nguyễn và c.s., 2024) Theo tác giả Nguyễn Văn Hòa (2020) ghi nhận tỷ lệ mất ngủ mức trung bình–nặng là 10,1% trong nhóm người làm việc văn phòng, có liên quan đến việc dùng thiết bị điện tử trước khi ngủ (V. H. Nguyễn, 2020) • Bệnh nhân mạn tính và người cao tuổi: Ngoài những nghiên cứu ở nhóm người bị bệnh mạn tính (chẳng hạn như bệnh nhân lọc máu chu kỳ, bệnh nhân mạn tính mắc các bệnh nội khoa), tỷ lệ mất ngủ ở người cao tuổi thường cao hơn, phản ánh sự suy giảm chức năng cơ thể theo tuổi tác cũng như việc tồn tại nhiều bệnh đi kèm. Một số báo cáo nội bộ và nghiên cứu khoa học tại các bệnh viện lớn cho thấy tỷ lệ mất ngủ có thể lên đến 30–40% ở nhóm người già(Thái Bình, 2024). Tổng hợp các bằng chứng từ nhiều nguồn cho thấy rằng rối loạn giấc ngủ tại Việt Nam đang là một vấn đề phổ biến, ảnh hưởng đến nhiều nhóm đối tượng khác nhau từ trẻ đến già, và có nhiều tác động tiêu cực đến sức khỏe tinh thần cũng như thể chất của người dân. Việc nhận thức và can thiệp sớm để cải thiện chất lượng giấc ngủ là rất cần thiết nhằm giảm bớt gánh nặng về sức khỏe cộng đồng.\n\n### Nguyên nhân và cơ chế bệnh sinh\n\n#### Nguyên nhân\n\nNguyên nhân và cơ chế bệnh sinh của bệnh mất ngủ Mất ngủ là một vấn đề sức khỏe phổ biến, ảnh hưởng đến khả năng đi vào giấc ngủ, duy trì giấc ngủ hoặc ngủ sâu. Tình trạng này kéo dài có thể làm suy giảm đáng kể chất lượng cuộc sống. Việc hiểu rõ các nguyên nhân và cơ chế bệnh sinh sẽ giúp nâng cao hiệu quả trong phòng ngừa và điều trị(APA, 2013). 1. Nguyên nhân gây mất ngủ a. Yếu tố tâm lý và cảm xúc: Những người trải qua căng thẳng kéo dài, rối loạn lo âu hay trầm cảm thường gặp khó khăn trong việc thư giãn thần kinh, dẫn đến mất ngủ. Người bị lo âu thường khó bắt đầu giấc ngủ, trong khi người trầm cảm dễ thức dậy sớm và cảm thấy năng lượng không được phục hồi mặc dù ngủ đủ thời gian cần thiết (Baglioni et al., 2011).\n\nb.  Thói quen sinh hoạt không khoa học: Các hành vi như sử dụng thiết bị điện tử vào ban đêm, uống nhiều caffeine hoặc rượu, hoặc không duy trì thời gian ngủ nhất quán có thể làm rối loạn chu kỳ sinh học, từ đó gây mất ngủ. (Walker, 2017).(Walker, 2017)\nc.  Yếu tố sinh lý và bệnh lý: Tuổi tác: Người cao tuổi có xu hướng ngủ ít hơn, hay thức giấc ban đêm và giấc ngủ kém sâu do giảm tiết melatonin, các rối loạn nội tiết tố và thay đổi cấu trúc giấc ngủ(Ohayon, 2002). (Ohayon et al., 2004). Bệnh mạn tính: Các bệnh lý mạn tính như đau mãn tính, tim mạch, hen suyễn, COPD, đái tháo đường hoặc hội chứng chân không yên, hội chứng ngưng thở khi ngủ … có thể ảnh hưởng đến chất lượng giấc ngủ, dẫn đến các rối loạn chu kỳ thức – ngủ, ác mộng lặp đi lặp lại hoặc hội chứng sợ giấc ngủ.(Ohayon, 2002) (Ohayon et al., 2004).\nd.  Yếu tố di truyền và môi trường: Một số nghiên cứu cho thấy mất ngủ có thể có yếu tố di truyền nhất định, đặc biệt đối với những người có tiền sử gia đình rối loạn lo âu hoặc trầm cảm. Đồng thời, điều kiện môi trường ngủ như ánh sáng mạnh, tiếng ồn, nhiệt độ không phù hợp cũng là các yếu tố góp phần dẫn đến tình trạng giấc ngủ kém chất lượng.\n\n#### Cơ chế bệnh sinh\n\n2.  Cơ chế bệnh sinh\n\n<!-- -->\n\na.  Tăng hoạt hóa hệ thần kinh giao cảm: Người bị mất ngủ thường có trạng thái kích thích thần kinh kéo dài, với các chỉ số sinh lý như nhịp tim và cortisol tăng cao cả ban ngày lẫn ban đêm. Đây là cơ chế then chốt trong mô hình tăng tỉnh táo quá mức. (Riemann và c.s., 2010)(Riemann et al., 2010).\nb.  Rối loạn trục điều hòa căng thẳng (HPA): Khi cơ thể phải đối mặt với stress kéo dài, trục hạ đồi – tuyến yên – tuyến thượng thận bị kích hoạt liên tục, làm tăng tiết cortisol vào ban đêm và ức chế khả năng đi vào giấc ngủ sâu. (Baglioni và c.s., 2011)\nc.  Mất cân bằng chất dẫn truyền thần kinh: Giấc ngủ phụ thuộc vào sự điều hòa của các chất như GABA, serotonin và dopamine. Khi các chất này mất cân bằng, cơ thể khó chuyển từ trạng thái tỉnh táo sang trạng thái ngủ. (Winsky-Sommerer, 2009)(Winsky-Sommerer, 2009).\nd.  Rối loạn nhịp sinh học: Khi chu kỳ thức – ngủ bị lệch do thay đổi thói quen sống hoặc công việc làm ca đêm, cơ thể sẽ gặp khó khăn trong việc đồng bộ hóa các tín hiệu sinh học để khởi phát giấc ngủ.\n\n### Các phương pháp đánh giá\n\n#### Khai thác bệnh sử và triệu chứng lâm sàng\n\na.  Khai thác bệnh sử và triệu chứng lâm sàng Việc khai thác bệnh sử và triệu chứng lâm sàng là bước đầu quan trọng nhằm xác định bản chất và mức độ nghiêm trọng của mất ngủ, đồng thời giúp phân biệt với các rối loạn giấc ngủ khác.\nb.  Thời lượng và hiệu suất giấc ngủ Bệnh nhân mất ngủ thường có tổng thời gian ngủ giảm rõ rệt, dao động từ 3 đến 4 giờ mỗi đêm. Một số trường hợp có thể hoàn toàn không ngủ trong suốt đêm. Hiệu suất giấc ngủ (sleep efficiency) được tính bằng tổng số giờ ngủ chia cho tổng thời gian nằm trên giường, nhân với 100%, đây cũng là chỉ số đánh giá chất lượng giấc ngủ. Ở người bình thường, chỉ số này đạt ≥85%, trong khi ở người mất ngủ, có thể giảm xuống dưới 65% nếu tình trạng nghiêm trọng.(Buysse và c.s., 1989) (Buysse et al., 1989).\nc.  Triệu chứng về rối loạn khởi phát và duy trì giấc ngủ Khó vào giấc là than phiền phổ biến nhất, bệnh nhân thường không có cảm giác buồn ngủ, nằm trằn trọc lâu (30–90 phút) mới có thể ngủ. Ngoài ra, tình trạng thức giấc giữa đêm xảy ra thường xuyên, giấc ngủ bị chia nhỏ, chập chờn và không liền mạch. Sau khi tỉnh giấc giữa đêm, người bệnh rất khó ngủ lại(AASM, 2014) Thức dậy sớm hơn mong muốn cũng là một biểu hiện thường gặp. Bệnh nhân cảm thấy giấc ngủ không đủ dài, dẫn đến thiếu nghỉ ngơi về cả thể chất lẫn tinh thần.\nd.  Đánh giá chất lượng giấc ngủ Chất lượng giấc ngủ là yếu tố then chốt để phân biệt giữa người ngủ bình thường và người bị mất ngủ. Người ngủ khỏe mạnh thường cảm thấy sảng khoái, tinh thần minh mẫn sau khi ngủ dậy. Ngược lại, bệnh nhân mất ngủ thường mô tả một giấc ngủ không phục hồi – mơ hồ giữa ngủ và thức, sau khi thức dậy vẫn cảm thấy mệt mỏi, sắc mặt nhợt , có thể xuất hiện quầng thâm mắt và hành vi chậm chạp(Morin & Benca, 2012)\ne.  Ảnh hưởng đến chức năng ban ngày Mất ngủ không chỉ ảnh hưởng đến ban đêm mà còn gây rối loạn chức năng vào ban ngày. Các biểu hiện bao gồm: mệt mỏi kéo dài, giảm khả năng tập trung, kém hứng thú trong công việc, giảm tương tác xã hội. Nhiều bệnh nhân rơi vào tình trạng lo lắng quá mức về giấc ngủ và sức khoẻ, hình thành một vòng xoáy tâm lý tiêu cực kéo dài và làm trầm trọng thêm tình trạng mất ngủ(Berry và c.s., 2017) (Morin & Benca, 2012).\n\n#### Đánh giá chất lượng giấc ngủ bằng thang Pittsburgh (PSQI)\n\nĐánh giá chất lượng giấc ngủ bằng thang Pittsburgh (PSQI) của Daniel J.Buyse năm 1989, nhằm đánh giá các chỉ số về chất lượng giấc ngủ(Buysse và c.s., 1989). Bảng điểm PSQI được coi là công cụ hữu hiệu được sử dụng nhiều nơi trên thế giới (được dịch ra 56 thứ tiếng tính đến thời điểm tháng 11/2013). Thang của Daniel J. Buyse và cộng sự năm 1998, nhằm đánh giá các chỉ số về chất lượng giấc ngủ. Năm 2001, ở Việt Nam PSQI đã được chuẩn hóa. Thang điểm này có độ nhạy 98,7, độ đặc hiệu 84,4 khi điểm PSQI \\>5(Muzur và c.s., 2002). Các tác giả đã nhận thấy thang đo này có giá trị sử dụng đáng tin cậy trong lâm sàng để đánh giá mức độ mất ngủ và có thể dùng nó để theo dõi tiến triển mất ngủ(H. B. Trần, 2006). Thang điểm PSQI giúp ta đánh giá 7 yếu tố của chất lượng giấc ngủ, bao gồm (Mollayeva và c.s., 2016): - Yếu tố 1 (câu 9): Chất lượng giấc ngủ theo cảm giác chủ quan của bệnh nhân - Yếu tố 2 (câu 2 và 5): Giai đoạn đi vào giấc ngủ - Yếu tố 3 (câu 4): Thời lượng giấc ngủ - Yếu tố 4 (câu 1 và 3): Hiệu quả của thói quen đi ngủ - Yếu tố 5 (câu 5): Các rối loạn giấc ngủ - Yếu tố 6 (câu 6): Sự sử dụng thuốc ngủ - Yếu tố 7 (câu 7 và 8): Rối loạn trong ngày Mỗi yếu tố đều được đánh giá ở 4 mức: không có, nhẹ, vừa, nặng. Một điểm tổng chung PSQI cũng đánh giá được chất lượng giấc ngủ của bệnh nhân ở 4 mức: không có, nhẹ, vừa, nặng.\n\n####2.5.3 Đánh giá bằng đa ký giấc\n\nĐánh giá bằng đa ký giấc (Polysomnography - PSG) 1. Giới thiệu chung Đa ký giấc (Polysomnography - PSG) là kỹ thuật thăm dò chức năng giấc ngủ toàn diện, được xem là tiêu chuẩn vàng trong chẩn đoán các rối loạn giấc ngủ. PSG ghi nhận đồng thời nhiều chỉ số sinh lý khi bệnh nhân ngủ, qua đó cung cấp thông tin định lượng và định tính về cấu trúc giấc ngủ, hoạt động hô hấp, tim mạch và thần kinh cơ trong thời gian ngủ(Berry và c.s., 2017) . 2. Cấu phần kỹ thuật và chỉ số theo dõi PSG bao gồm các thành phần ghi nhận chính sau: • Điện não đồ (Electroencephalography - EEG): Được sử dụng để phân chia các giai đoạn giấc ngủ theo tiêu chuẩn của AASM (American Academy of Sleep Medicine), bao gồm N1, N2, N3 và REM. • Điện nhãn đồ (Electrooculography - EOG): Theo dõi chuyển động mắt, đặc biệt quan trọng trong việc nhận diện pha REM. • Điện cơ đồ (Electromyography - EMG): Ghi nhận hoạt động cơ vùng cằm, chi dưới và cơ liên sườn, từ đó phát hiện rối loạn vận động trong giấc ngủ. • Hệ thống theo dõi hô hấp: Bao gồm cảm biến luồng khí mũi/miệng, dây đai đo cử động ngực và bụng, đo SpO₂ và đôi khi có thêm đo CO₂ khí thở ra. • Điện tim đồ (Electrocardiography - ECG): Ghi nhận hoạt động tim, cho phép phát hiện rối loạn nhịp liên quan đến rối loạn hô hấp trong khi ngủ. • Cảm biến chuyển động hoặc video giám sát: Hữu ích trong đánh giá rối loạn hành vi trong giấc ngủ như parasomnia. Các thông số được thu thập sẽ được phân tích thủ công hoặc bán tự động bởi kỹ thuật viên được đào tạo, và được chuẩn hóa theo tiêu chí của AASM (AASM, 2020). 3. Ứng dụng lâm sàng PSG có vai trò quan trọng trong: • Chẩn đoán rối loạn hô hấp khi ngủ, đặc biệt là hội chứng ngưng thở khi ngủ do tắc nghẽn (OSA), khi chỉ số AHI (Apnea-Hypopnea Index) \\>5 được xem là bất thường(Kapur và c.s., 2017) (Kapur et al., 2017). • Chẩn đoán các rối loạn khác, như rối loạn chuyển động chi dưới khi ngủ (PLMD), rối loạn hành vi giấc ngủ REM (RBD), chứng ngủ rũ (narcolepsy). • Đánh giá hiệu quả điều trị: PSG giúp đánh giá hiệu quả của điều trị bằng CPAP, phẫu thuật, hoặc điều chỉnh thuốc trong các bệnh lý giấc ngủ. 4. Hạn chế và thách thức Tuy là phương pháp chẩn đoán tối ưu, PSG cũng có một số hạn chế như chi phí cao, yêu cầu thiết bị và nhân lực chuyên biệt, thời gian thực hiện kéo dài. Ngoài ra, hiệu ứng \"giấc ngủ phòng thí nghiệm\" (first night effect) có thể ảnh hưởng đến tính đại diện của kết quả(Le Bon và c.s., 2001) (Le Bon et al., 2001). 5. Kết luận Đánh giá bằng đa ký giấc là một công cụ chẩn đoán mạnh mẽ trong y học giấc ngủ hiện đại. Việc hiểu rõ các chỉ số và ứng dụng lâm sàng của PSG không chỉ giúp chẩn đoán chính xác mà còn định hướng điều trị hiệu quả cho các rối loạn giấc ngủ, góp phần nâng cao chất lượng sống của bệnh nhân.\n\n####2.5.4 Đánh giá Actigraphy\n\nThiết bị đeo tay theo dõi chuyển động để đánh giá mô hình giấc ngủ trong môi trường tự nhiên. Hữu ích với những người có lịch trình ngủ thất thường hoặc rối loạn nhịp sinh học. Đánh giá bằng Actigraphy trong lâm sàng và nghiên cứu giấc ngủ 1. Khái niệm Actigraphy là phương pháp theo dõi giấc ngủ không xâm lấn, sử dụng thiết bị đeo (thường ở cổ tay) để ghi nhận chuyển động cơ thể trong thời gian dài. Phương pháp này giúp ước lượng thời gian ngủ, thời gian thức và đặc điểm nhịp sinh học(Ancoli-Israel và c.s., 2003) . 2. Cơ chế hoạt động Thiết bị actigraphy sử dụng cảm biến gia tốc để ghi lại mức độ hoạt động của cơ thể. Dữ liệu thu thập được xử lý bằng các thuật toán như Cole-Kripke hoặc Sadeh để phân biệt thời gian ngủ và thức(Van Someren, 2007) . 3. Ứng dụng Actigraphy được dùng để: • Đánh giá mất ngủ mạn tính và nhịp sinh học bất thường. • Theo dõi giấc ngủ tại nhà trong nhiều ngày. • Hỗ trợ trong nghiên cứu dịch tễ hoặc ở đối tượng đặc biệt như trẻ em, người cao tuổi (Martin & Hakim, 2011) 4. Ưu nhược điểm Ưu điểm: • Ghi nhận giấc ngủ tự nhiên, chi phí thấp, dễ sử dụng. Hạn chế: • Không đo được các giai đoạn ngủ như PSG, dễ bị nhiễu khi người bệnh nằm yên nhưng không ngủ. 5. So sánh với Polysomnography Actigraphy có độ chính xác tương đối cao khi so với PSG trong việc xác định tổng thời gian ngủ. AASM đã công nhận actigraphy là công cụ hỗ trợ chẩn đoán trong một số trường hợp, nhất là khi không thể thực hiện PSG (Marino và c.s., 2013). 6. Kết luận Actigraphy là công cụ hữu ích, đặc biệt trong giám sát giấc ngủ dài hạn và đánh giá rối loạn nhịp sinh học. Khi kết hợp với nhật ký giấc ngủ, phương pháp này cho giá trị lâm sàng đáng tin cậy. (AASM, 2018)\n\n#### Đánh giá tâm lý, thần kinh và xét nghiệm cận lâm sàng trong mất ngủ\n\nTầm quan trọng của đánh giá tâm lý, thần kinh và xét nghiệm cận lâm sàng trong mất ngủ Mất ngủ không đơn thuần là một rối loạn giấc ngủ mà còn có thể phản ánh các vấn đề tâm thần hoặc bệnh lý nội khoa – thần kinh tiềm ẩn. Vì vậy, việc đánh giá toàn diện về mặt tâm lý và thần kinh, kết hợp với các xét nghiệm cận lâm sàng, là bước thiết yếu trong chẩn đoán và lập kế hoạch điều trị hiệu quả. 1. Khai thác tâm lý và đánh giá thần kinh Những triệu chứng như lo âu, trầm cảm, hoặc căng thẳng kéo dài thường hiện diện song hành với mất ngủ. Việc sử dụng các thang đo chuẩn hóa như HAM-A (Hamilton Anxiety Scale), PHQ-9 (Patient Health Questionnaire) hay BDI (Beck Depression Inventory) giúp lượng giá chính xác tình trạng tâm lý của người bệnh (Morin & Benca, 2012). Đồng thời, thăm khám thần kinh hỗ trợ phát hiện các bệnh lý thần kinh thoái hóa – chẳng hạn như bệnh Parkinson hay Alzheimer – có thể ảnh hưởng đến cấu trúc và chất lượng giấc ngủ. 2. Vai trò của xét nghiệm cận lâm sàng Các xét nghiệm hỗ trợ giúp loại trừ hoặc phát hiện nguyên nhân thực thể gây mất ngủ. Cụ thể: • Chức năng tuyến giáp (TSH, FT4) có thể chỉ ra cường giáp – một nguyên nhân phổ biến gây khó ngủ. • Xét nghiệm sinh hóa máu như đường huyết, ure, creatinin, men gan giúp đánh giá chuyển hóa và loại trừ bệnh lý toàn thân. • Chẩn đoán hình ảnh thần kinh (MRI sọ não) cần thiết khi có nghi ngờ tổn thương não ảnh hưởng đến trung khu điều hòa giấc ngủ. • Cận lâm sàng giấc ngủ như đa ký giấc (PSG) hoặc actigraphy được chỉ định khi nghi ngờ rối loạn nhịp sinh học hoặc hội chứng ngưng thở khi ngủ (Sateia, 2014). 3. Kết luận Cách tiếp cận toàn diện, kết hợp giữa đánh giá tâm lý, thần kinh và xét nghiệm hỗ trợ, là nền tảng để xác định đúng nguyên nhân và hướng điều trị mất ngủ phù hợp. Điều này đặc biệt cần thiết trong bối cảnh mất ngủ mạn tính thường là biểu hiện của các rối loạn phức tạp, không thể đánh giá chỉ bằng triệu chứng chủ quan.\n\n### Phương pháp điều trị Mất ngủ không thực tổn liên quan chủ yếu đến các nhân tố tâm sinh lý, đặc biệt rối loạn cảm xúc là nhân tố được coi là nguyên phát. Do vậy, trong điều trị có hai nhóm lớn: tâm lý (nhận thức - hành vi) và dược lý, hai nhóm này có thể kết hợp với nhau (T. S. Nguyễn và c.s., 2020)\n\n####2.6.1 Liệu pháp hành vi – nhận thức\n\nCBT-I là phương pháp điều trị không dùng thuốc được khuyến nghị hàng đầu trong điều trị mất ngủ mạn tính. Phương pháp này tập trung vào việc điều chỉnh các yếu tố nhận thức sai lệch và hành vi không phù hợp liên quan đến giấc ngủ. Các kỹ thuật chủ yếu bao gồm: kiểm soát kích thích, hạn chế thời gian nằm trên giường, liệu pháp nhận thức và huấn luyện thư giãn. Một phân tích tổng hợp của Trauer và cộng sự (2015) (Trauer và c.s., 2015)cho thấy CBT-I cải thiện rõ rệt thời gian vào giấc, tổng thời gian ngủ và hiệu suất ngủ, với hiệu quả duy trì tốt hơn so với điều trị bằng thuốc. Do đó, CBT-I hiện được xem là lựa chọn điều trị tiêu chuẩn cho mất ngủ mạn tính, kể cả khi bệnh nhân có kèm rối loạn tâm thần hoặc bệnh lý nội khoa.\n\n#### Giáo dục vệ sinh giấc ngủ\n\nVệ sinh giấc ngủ là tập hợp các biện pháp giúp hình thành thói quen ngủ tốt, bao gồm: duy trì giờ ngủ – thức cố định mỗi ngày, tránh sử dụng chất kích thích (caffeine, nicotin, rượu) trước khi ngủ, giảm thiểu tiếp xúc với ánh sáng xanh từ thiết bị điện tử, và tạo môi trường ngủ yên tĩnh, thoải mái. Mặc dù không đủ hiệu quả khi dùng đơn độc trong mất ngủ mạn tính, cải thiện vệ sinh giấc ngủ là nền tảng hỗ trợ cho các liệu pháp khác, đặc biệt trong chương trình CBT-I. Khuyến cáo của American Academy of Sleep Medicine (AASM, 2017)xem đây là bước can thiệp cơ bản cần áp dụng cho tất cả bệnh nhân mất ngủ.\n\n#### Điều trị bằng thuốc\n\nTrong một số trường hợp mất ngủ kéo dài hoặc ảnh hưởng nghiêm trọng đến chức năng hàng ngày, thuốc có thể được sử dụng như một lựa chọn hỗ trợ ngắn hạn hoặc khi các liệu pháp hành vi không có hiệu quả. Các nhóm thuốc thường dùng gồm: • Benzodiazepine (BZD): như temazepam, diazepam – có tác dụng an thần mạnh, nhưng nguy cơ lệ thuộc cao nếu dùng kéo dài. • Thuốc không BZD (Z-drugs): như zolpidem, eszopiclone – ít gây tồn dư ngày hôm sau, thường được ưu tiên hơn BZD trong điều trị ngắn hạn. • Thuốc chống trầm cảm có tác dụng an thần như trazodone hoặc doxepin – phù hợp với bệnh nhân có đồng thời rối loạn khí sắc. • Melatonin và đồng vận melatonin: đặc biệt hiệu quả với các rối loạn giấc ngủ liên quan đến nhịp sinh học. Theo Riemann và cộng sự (2017)(Riemann và c.s., 2017), việc lựa chọn thuốc điều trị mất ngủ cần cá thể hóa, cân nhắc lợi ích – nguy cơ, và hạn chế sử dụng kéo dài nhằm giảm thiểu tác dụng phụ và nguy cơ lệ thuộc thuốc.\n\n#### Các phương pháp hỗ trợ khác\n\nNgoài những liệu pháp chính kể trên, các phương pháp hỗ trợ như thiền định, luyện tập thư giãn, phản hồi sinh học (biofeedback) và liệu pháp ánh sáng (light therapy) cũng được chứng minh có hiệu quả, đặc biệt trong các rối loạn giấc ngủ liên quan đến stress hoặc rối loạn nhịp sinh học(Sateia, 2014).\n\n## Mất ngủ không thực tổn theo quan niệm YHCT\n\nTrong YHCT, Mất ngủ không thực tổn thuộc chứng “Thất min”, “Bất mị”, “Bất đắc miên”, hoặc “Miên thiểu”, “Đa mộng”… Đây là một loại chứng thất thường của thần chí, biểu hiện bởi các triệu chứng khác nhau như: khó vào giấc ngủ, ngủ dễ tỉnh giấc, ngủ không yên hoặc ngủ không sâu giấc, ngủ mộng nhiều hoặc cả đêm không ngủ được\n\n### Nguyên nhân và cơ chế bệnh sinh\n\nTheo lý luận của Y học cổ truyền, Tinh, Khí, Thần là nền tảng sinh lý cơ bản của cơ thể. Trong đó, Tâm chủ thần minh, Tâm tàng thần, khi tâm thần bết an dễ sinh mất ngủ. Sách Linh Khu – Bản thần có viết: “Tâm giả, thần minh chi phủ” (Tâm là nơi ở của thần minh). Trong Chư bệnh nguyên hầu luận của Dương Thượng Phong đời Tùy có viết: \"Tâm giả thần minh chi phủ, thần bất an tắc bất đắc miên\" (Tâm là phủ của thần minh, thần không yên thì không ngủ được), nhấn mạnh vai trò chủ thần của Tâm trong sinh lý giấc ngủ. Nội kinh (Linh khu – Bản tạng) cũng chỉ rõ: \"Tâm tàng thần, thần an tắc miên\" (Tâm tàng thần, thần yên thì ngủ được), Theo Cảnh nhạc toàn thư: “Ngủ là gốc ở phần âm mà thần làm chủ, thần yên thì ngủ được, thần không yên thì ngủ không được”, từ đó cho thấy nguyên nhân chủ yếu của Thất miên liên quan đến Tâm âm hư, Tâm hỏa vượng, hoặc hư phiền bất miên.\n\nTheo sách Hoàng đế nội kinh vấn đáp Thất miên do tác động bởi các yếu tố nội ngoại nhân, hàn nhiệt, khí huyết, công năng của tạng phủ mất cân bằng gây nên, cơ chế liên quan đến các thể như Tâm Tỳ hư, Tâm Thận bất giao, Vị không điều hoà, Đờm nhiệt nội nhiễu Cơ chế bệnh sinh chủ yếu bao gồm: • Tâm tỳ lưỡng hư: Theo YHCT, mất ngủ do lao lực, lo nghĩ quá độ, hậu bệnh, khí huyết hư yếu, tỳ không sinh huyết, tâm huyết bất túc, thần vô sở dưỡng mà sinh mất ngủ (Y tông kim giám – Nguyễn Bá Tĩnh, bản quốc ngữ, 1933). • Tâm thận bất giao: Do Thận âm hao tổn, không nuôi dưỡng được Tâm, Tâm hỏa vượng, thần chí không yên gây nên Mất ngủ, theo Cổ kim y thống: “Do Thận thủy thiếu, chân âm không thăng mà Tâm khô nóng làm cho mất ngủ”. Theo Đan khê tâm pháp “Âm hư hỏa vượng, tâm hỏa không giáng, thận thủy không thăng, tâm thần không yên, dễ sinh thất miên”.\n\n• Can khí uất kết, đàm hỏa nhiễu tâm: Thường do tình chí uất ức, ăn uống thất điều, tỳ vận kém sinh đàm, đàm hóa nhiệt nhiễu tâm, tâm thần không an (Theo Y học nhập môn – Lý Nhân Trụ, đời Minh). Khi tình chí thất điều như lo buồn, tức giận kéo dài sẽ làm khí cơ bị đình trệ, dẫn đến Can khí uất. Lâu ngày, uất khí hóa hỏa (Can uất hóa hỏa), nội nhiệt dần hình thành. Tố Vấn – Khí uất luận có viết “Can khí uất tắc hóa hỏa, hỏa thượng nhiễu tâm.” Can khí uất lâu phạm Tỳ, gây Tỳ hư sinh đàm trọc. Đàm trọc kết hợp với hỏa tà hình thành đàm hỏa (đàm nhiệt). Đàm hỏa này theo kinh Can mộc, thăng lên quấy nhiễu Tâm thần, dẫn đến mất ngủ. Đan Khê Tâm pháp có viết “Can khí uất, Tỳ tổn sinh đàm, đàm hỏa nhiễu Tâm, thần bất đắc an, cố bất miên.” • Vị bất hoà: Do ăn uống không điều độ, thức ăn đình trệ ở tràng vị, lâu ngày thành đờm nhiệt ngại bên trong, đờm nhiệt nhiễu loạn ở bên trên nên nằm không yên. Sách Trương thị y thông viết: “Mạch hoạt sác hữu lực là mất ngủ, bên trong có đờm hỏa ứ trệ”. Sách Tố Vấn – Tàng Tượng Luận viết: “Vị hòa thì an, vị bất hòa thì nằm không yên.” Sách Tố Vấn – Ngũ Tạng Sinh Thành viết: “Tỳ chủ sinh hóa, Vị chủ thụ nạp, vị bất hòa tắc thần bất an.” • Huyết hư bất dưỡng tâm: Nam dược thần hiệu – Tuệ Tĩnh, quyển 7: “Người huyết hư thời lòng hay sợ, ngủ không đặng, hay quên, hay mộng, sắc mặt không tươi.” Mô tả rất rõ triệu chứng mất ngủ trong thể huyết hư. Y Tông Kim Giám – Tâm quý, thất miên môn viết: “Nữ tử sản hậu huyết tổn, hoặc bệnh lâu khí huyết lưỡng hư, tâm thất dưỡng nhi bất miên.” Tố Vấn – Tàng Tượng Luận viết: “Tâm tàng thần, thần dĩ huyết nhi an.” (Tâm tàng thần, thần nhờ huyết mà yên.) Huyết hư thì thần mất chỗ nương tựa, gây nên bất miên. Tố Vấn – Ngũ Tạng Sinh Thành “Huyết hư tắc bất năng dưỡng tâm, thần bất an nhi bất miên.” (Huyết hư không dưỡng được Tâm, thần không yên thì không ngủ được.) . Ngoài ra còn có trường hợp bị kinh động bất ngờ, sợ hãi lo lắng quá, gây nhiễu loạn tâm thần, sợ sệt không yên, nằm ngủ là mơ, hay kinh sợ cũng là nguyên nhân gây mất ngủ.Y Tông Kim Giám – Tâm thần bất an luận “Đởm hư tắc bất năng tàng phách, phách vi kinh nhi tẩu, thần bất thủ vị, cố bất miên.” (Đởm không giữ được phách, phách tán loạn vì kinh sợ, thần không an vị nên mất ngủ.) Mất ngủ thường gặp trên lâm sàng các thể sau:(Trịnh & Nguyễn, 2024){{}} - Can uất hoá hoả - Phục nhiệt hung cách - Tâm hoả vượng - Đàm nhiệt nội nhiễu - Can Tỳ bất hoà (Vị bất hoà) - Tâm huyết hư - Tâm âm hư - Tâm Tỳ lưỡng hư - Tâm Thận bất giao - Tâm Đởm khí hư Trong đó thể Tâm âm hư là một trong những thể hay gặp trên lâm sàng.\n\n### Thất miên thể Tâm âm hư\n\nTrong Y học cổ truyền,Thất miên thể Tâm âm hư là một thể bệnh thuộc phạm trù hư lao và bất miên. Đây là trạng thái âm dịch của Tâm bị hư tổn, không đủ để dưỡng thần, từ đó thần không yên mà sinh mất ngủ kéo dài, dễ tỉnh giấc, tâm phiền, hồi hộp, miệng khô, lưỡi đỏ ít rêu, mạch tế sác. Trong sách Y Thống đại toàn của danh y Từ Xuân Phủ viết: “Tâm âm bất túc, hư hỏa nội động, thần không nơi nương, nhân thử nhi thất miên.” (Tâm âm không đủ, hư hỏa bên trong xao động, thần không nơi nương tựa, bởi vậy mà mất ngủ). Cơ chế bệnh sinh: Trong Y học cổ truyền (YHCT), Tâm chủ huyết, Tâm tàng thần. Khi Tâm âm hư (tức là phần âm dịch của Tâm bị suy giảm), huyết không đủ để nuôi dưỡng thần, dẫn đến tâm thần bất an, gây mất ngủ. Nguyên nhân • Lao tâm, lao lực quá độ, mưu sự nhiều, căng thẳng kéo dài khiến tâm huyết hao tổn, âm dịch suy kiệt. • Sau bệnh nhiệt (sốt kéo dài) hoặc bệnh mãn tính, tân dịch bị tổn thương. • Tình chí uất kết lâu ngày dẫn đến tâm âm suy, tâm hỏa vượng. • Thâm âm hư lâu ngày (tuổi cao, thiên quý suy, hoặc phụ nữ sau sinh, cơ thể suy nhược), dẫn đến tâm âm bất túc, gây mất cân bằng Tâm – Thận 2. Các triệu chứng thường gặp • Khó ngủ, ngủ không sâu giấc, hay tỉnh giấc giữa đêm. • Hồi hộp, tim đập nhanh, dễ hoảng hốt. • Miệng khô, họng khô, hay khát nước. • Đổ mồ hôi trộm vào ban đêm. • Lưỡi đỏ, ít rêu, mạch tế sác (nhỏ, nhanh).\n\n3.  Phép trị Dưỡng tâm tư âm, thanh hư nhiệt, an thần định chí.\n\n### Tổng quan về bài thuốc “Dưỡng tâm thang”\n\n#### Xuất xứ và thành phần bài thuốc\n\nBài Dưỡng tâm thang được ghi trong sách Y Thống Đại Toàn – một y thư tổng hợp đồ sộ do Từ Xuân Phủ, đời nhà Minh, Trung Quốc biên soạn vào đời Minh, có giá trị lớn trong việc hệ thống hóa phương tễ, lý luận và lâm sàng của Y học cổ truyền. Bài thuốc được dùng chủ yếu để điều trị chứng thất miên do Tâm âm, Tâm huyết hư gây ra.\n\n#### Phép trị\n\n• Dưỡng huyết tư tâm • Định tâm an thần Bài thuốc kết hợp giữa bổ huyết ích khí – dưỡng âm sinh tân – an thần định chí, rất phù hợp với chứng thất miên do Tâm âm hư kiêm hư nhiệt, hoặc Tâm khí huyết bất túc gây thần chí bất an. Bài thuốc này chuyên trị các chứng: Tâm hư do suy nghĩ quá độ, lao lực Mất ngủ kèm hồi hộp, tim đập nhanh Cơ thể suy nhược, thiếu máu, khí huyết kém lưu thông\n\n#### Phân tích từng vị thuốc chủ đạo\n\n333333333333333333333333333333\n\n#### Phối ngũ – biện chứng luận trị\n\nBài thuốc Dưỡng tâm thang gồm mười vị: Bá tử nhân, Toan táo nhân, Đảng sâm, Cam thảo, Đương quy, Thục địa, Sinh địa, Phục thần, Mạch môn và Ngũ vị tử, là bài thuốc cổ phương nổi tiếng trong điều trị mất ngủ do tâm âm hư, được phối ngũ theo nguyên tắc dưỡng tâm, an thần, ích khí dưỡng huyết, tư âm sinh tân. • Bá tử nhân và Toan táo nhân là hai vị chủ dược, quy vào Tâm và Can, có tác dụng dưỡng tâm, an thần, định chí, giúp cải thiện chất lượng giấc ngủ và làm dịu thần kinh. Đây là hai vị thuốc cơ bản thường dùng trong điều trị mất ngủ mạn tính do hư chứng. • Đảng sâm và Cam thảo có tác dụng bổ khí, kiện tỳ, nâng cao chính khí toàn thân, đồng thời giúp điều hòa các vị thuốc khác trong phương. • Đương quy có tác dụng dưỡng huyết hoạt huyết, phối hợp với Thục địa và Sinh địa nhằm bổ huyết, tư âm, sinh tân, giúp làm mạnh Tâm và Can, điều hòa kinh mạch, hạn chế tình trạng hồi hộp, mệt mỏi do huyết hư. • Phục thần là vị thuốc an thần, lợi thấp, giúp tĩnh tâm, hóa đàm, trấn tĩnh tinh thần, hỗ trợ các vị an thần khác. • Mạch môn và Ngũ vị tử là hai vị thuốc tư âm sinh tân, có tác dụng dưỡng âm thanh nhiệt, liễm tâm, giúp điều hòa Tâm – Phế – Thận, giảm tình trạng khô nóng trong do âm hư.(Viện Dược liệu, 2020) Phương thuốc này được phối hợp hài hòa giữa tư âm – bổ huyết – an thần – ích khí, đặc biệt thích hợp với người bệnh mất ngủ mạn tính, hồi hộp, lưỡi đỏ, mạch tế sác, điển hình cho chứng tâm âm hư trong Y học cổ truyền. Sự kết hợp chặt chẽ giữa các vị thuốc giúp tác động tổng thể trên tạng Tâm, Can, Tỳ và Thận, làm ổn định thần trí, hỗ trợ điều trị hiệu quả mất ngủ mạn tính có căn nguyên hư tổn.\n\n#### Ý nghĩa ứng dụng\n\nBài thuốc có thể được ứng dụng trong các chứng: • Mất ngủ kéo dài • Suy nhược thần kinh, lo âu • Hồi hộp, tim đập nhanh do thần kinh • Phục hồi sau tai biến, stress kéo dài ở người cao tuổi Có thể gia giảm tùy chứng trạng: Hay quên thêm Viễn chí, Ích trí nhân Đoản hơi, mệt mỏi thêm Hoàng kỳ, Bạch truật Đau đầu nhiều thêm Thiên ma Huyết ứ rõ thêm Xuyên khung, Đan sâm Hư nhiệt rõ thêm Hoàng liên, Tri mẫu…\n\n#### Biện chứng luận trị\n\nTheo lý luận của YHCT, “Tâm tàng thần, thần dĩ huyết nhi an”(Tố Vấn). Khi Tâm huyết hư, âm dịch tổn, thần không được nuôi dưỡng, dễ dẫn đến mất ngủ, hồi hộp, mộng nhiều, hay quên, dễ kinh sợ. Nếu hư mà sinh nhiệt, lại càng nhiễu tâm thần. Bài Dưỡng tâm thang được cấu trúc theo nguyên tắc: • Bổ huyết âm để an thần (Sinh địa, Thục địa, Đương quy) • An thần định chí (Toan táo nhân, Bá tử nhân) • Dưỡng âm sinh tân, chỉ khát (Mạch môn, Ngũ vị tử) • Bổ khí sinh huyết (Nhân sâm, Cam thảo) • Kiện tỳ, an thần (Phục thần) Cấu trúc chặt chẽ, vừa điều trị ngọn (thất miên), vừa điều trị gốc (khí huyết hư, âm hư sinh nhiệt), lại có tính phối ngũ điều hòa rõ ràng.\n\n#### Giá trị lâm sàng và vận dụng hiện đại\n\nTrong thực tế, bài Dưỡng tâm thang được vận dụng lâm sàng để điều trị các chứng mất ngủ kinh niên, đặc biệt ở bệnh nhân suy nhược thần kinh, hồi hộp, lo âu nhẹ, phụ nữ sau sinh khí huyết hư, người cao tuổi âm huyết bất túc. Có thể gia giảm linh hoạt: • Tâm hỏa vượng thêm Hoàng liên, Liên tâm • Khí hư rõ thêm Hoàng kỳ, Bạch truật • Mất ngủ kèm đau đầu thêm Thạch xương bồ, Câu đằng • Huyết ứ thêm Đan sâm, Xuyên khung, Xích thược Bài Dưỡng tâm thang là một phương thuốc cổ điển, hàm chứa đầy đủ lý luận tạng phủ – khí huyết – tâm thần, có giá trị cao trong điều trị chứng thất miên do Tâm âm hư kiêm khí huyết lưỡng hư, hư nhiệt nhiễu tâm.\n\n####3.3.8 Căn cứ y văn về tác dụng của bài thuốc\n\nTrong những năm gần đây, nhiều công trình nghiên cứu hiện đại đã quan tâm đến việc đánh giá hiệu quả điều trị mất ngủ của các bài thuốc y học cổ truyền, trong đó bài Dưỡng tâm thang là một trong những phương được sử dụng phổ biến tại Trung Quốc, Hàn Quốc và Việt Nam cho thể tâm âm hư. Một nghiên cứu thực nghiệm của Wang và cộng sự (2016) trên mô hình chuột mất ngủ do stress đã chứng minh rằng Dưỡng tâm thang có tác dụng cải thiện thời gian ngủ và giảm biểu hiện lo âu, trầm cảm thông qua điều hòa trục HPA (hypothalamus-pituitary-adrenal) và tăng hoạt tính của chất dẫn truyền thần kinh GABA, đồng thời làm giảm nồng độ cortisol trong máu (R. Wang, 2016). Ngoài ra, một phân tích mạng lưới dược lý học (network pharmacology) của Zhao và cộng sự (2022) chỉ ra rằng các vị thuốc trong Dưỡng tâm thang như Bá tử nhân, Mạch môn, Ngũ vị tử… có ảnh hưởng đến nhiều con đường tín hiệu thần kinh quan trọng như serotonin, dopamine, GABA, BDNF, và thể hiện tiềm năng điều hòa giấc ngủ và bảo vệ tế bào thần kinh(Zhao & et al, 2022). Tại Việt Nam, một số nghiên cứu nhỏ lẻ tại bệnh viện y học cổ truyền và các khoa y học cổ truyền cho thấy bài thuốc này thường được sử dụng cho bệnh nhân mất ngủ mạn tính do suy nhược cơ thể hoặc sau stress kéo dài, nhưng hiện chưa có nghiên cứu chuẩn hóa, đánh giá hiệu quả lâm sàng bài bản về hiệu quả trên đối tượng tâm âm hư. Như vậy, các kết quả nghiên cứu hiện có đã gợi mở tiềm năng ứng dụng bài Dưỡng tâm thang như một phương pháp điều trị hỗ trợ an toàn và hiệu quả cho mất ngủ thể tâm âm hư, tuy nhiên vẫn cần có thêm các nghiên cứu can thiệp có đối chứng tại Việt Nam nhằm đánh giá rõ ràng hiệu quả, tính an toàn và khả năng ứng dụng lâm sàng.\n\n###3.4 Tổng quan về châm cứu trong điều trị mất ngủ\n\nChâm cứu là một phương pháp điều trị y học cổ truyền được thực hiện bằng cách đưa kim vào các huyệt vị để điều chỉnh dòng khí trong hệ kinh lạc. Theo y học cổ truyền, mất ngủ thuộc phạm vi chứng “thất miên”, nguyên nhân chủ yếu do tâm, can, tỳ, thận bị mất điều hòa âm dương, khí huyết không điều hòa(Trịnh & Ngô, 2022). Hiện nay, châm cứu được Tổ chức Y tế Thế giới (WHO) công nhận là một phương pháp điều trị hỗ trợ mất ngủ dựa trên bằng chứng. Một phân tích tổng hợp năm 2022 từ 33 nghiên cứu ngẫu nhiên có đối chứng (RCT) cho thấy châm cứu giúp cải thiện đáng kể chất lượng giấc ngủ so với giả châm hoặc điều trị thường quy, với ít tác dụng phụ (Liu, 2022; WHO, 2003).\n\n####3.4.1 Cơ chế tác dụng của châm cứu trong điều trị mất ngủ\n\nCác nghiên cứu hiện đại cho thấy châm cứu cải thiện mất ngủ qua các cơ chế sau: • Điều hòa chất dẫn truyền thần kinh: Châm cứu làm tăng tiết serotonin, GABA – hai chất liên quan đến giấc ngủ, đồng thời làm giảm noradrenalin và cortisol – những chất gây tỉnh táo và lo âu (Han, 2004) \\[9\\],(Zeng, 2020). • Tác động lên vùng não liên quan đến giấc ngủ: Chụp cộng hưởng từ chức năng (fMRI) cho thấy châm cứu tại huyệt Thần môn (HT7) và Nội quan (PC6) làm tăng hoạt tính vùng vỏ não trán – nơi kiểm soát hành vi và cảm xúc, đồng thời làm giảm hoạt tính hạch hạnh nhân và vùng dưới đồi (Zang và c.s., 2023)\\[11\\]. • Tăng tiết melatonin: Một số nghiên cứu ghi nhận mức melatonin tăng lên đáng kể sau 2–4 tuần điều trị bằng châm cứu, góp phần cải thiện giấc ngủ sinh lý (Cao & et al, 2021) \\[12\\]. \n• Ổn định trục HPA (Hypothalamus-Pituitary-Adrenal): Ở bệnh nhân mất ngủ có tăng hoạt hóa trục HPA, châm cứu giúp giảm nồng độ ACTH và cortisol, đưa cơ thể trở về trạng thái nghỉ ngơi (Xu, 2020)\\[13\\].\n\n####3.4.2 Chỉ định và chống chỉ định của châm cứu điều trị mất ngủ\n\nChỉ định: • Mất ngủ nguyên phát. • Mất ngủ thứ phát do lo âu, trầm cảm nhẹ. • Mất ngủ mạn tính kháng thuốc hoặc có nhu cầu giảm liều thuốc ngủ. • Người già, phụ nữ mãn kinh bị rối loạn giấc ngủ. Chống chỉ định tương đối: • Người có rối loạn đông máu, giảm tiểu cầu, đang dùng thuốc kháng đông. • Nhiễm trùng tại vị trí huyệt. • Phụ nữ có thai (cần tránh huyệt Tam âm giao, Hợp cốc...). • Tâm thần cấp tính (cần phối hợp chuyên khoa tâm thần).\n\n####3.4.3 Phân tích phương huyệt thường dùng\n\n1.5.1. Thần môn (HT7 – Shenmen) • Vị trí: Nếp gấp cổ tay phía trụ, ngoài gân cơ gấp trụ cổ tay. • Tác dụng: Dưỡng tâm, an thần, chống lo âu. • Nghiên cứu: Một RCT tại Trung Quốc năm 2021 cho thấy điện châm tại HT7 cải thiện điểm PSQI (Pittsburgh Sleep Quality Index) tốt hơn giả châm sau 4 tuần điều trị(L. Wang & et al, 2021) \\[14\\]. 1.5.2. Tam âm giao (SP6 – Sanyinjiao) • Vị trí: Cách mắt cá trong 3 thốn, sát bờ sau xương chày. • Tác dụng: Điều hòa khí huyết, bổ âm, an thần. • Nghiên cứu: Một nghiên cứu của Kim et al. (2018) cho thấy SP6 làm tăng mật độ sóng delta trong EEG – dấu hiệu của giấc ngủ sâu(Kim và c.s., không ngày) \\[15\\]. 1.5.3. Nội quan (PC6 – Neiguan) • Vị trí: Cách nếp gấp cổ tay 2 thốn, giữa 2 gân gan tay. • Tác dụng: Hành khí, chỉ thống, ổn định nhịp tim, trấn tĩnh. • Nghiên cứu: Một nghiên cứu trên bệnh nhân mất ngủ kèm hồi hộp tim nhanh cho thấy châm PC6 cải thiện cả giấc ngủ và tần số tim(J. Li, 2020). 1.5.4. An miên • Vị trí: Ngoài Ế phong, đường nối Ế phong – Phong trì. • Tác dụng: Huyệt đặc hiệu điều trị mất ngủ. • Nghiên cứu: Một tổng quan hệ thống năm 2020 kết luận An miên khi phối hợp với HT7 và SP6 cho hiệu quả rõ rệt hơn so với HT7 đơn độc (Zhang, 2020). 1.5.5. Dũng tuyền (KI1 – Yongquan) • Vị trí: Gan bàn chân, 1/3 trước đường nối gót – ngón thứ hai. • Tác dụng: Hạ hỏa, dẫn khí đi xuống, an thần. • Nghiên cứu: Châm cứu KI1 cải thiện giấc ngủ ở người cao tuổi thông qua điều hòa nhịp tim và tăng tần suất sóng alpha trong EEG (Lee, 2019).\n\n##4. Các nghiên cứu về điều trị mất ngủ có liên quan với các phương pháp được sử dụng trong nghiên\n\nY học cổ truyền điều trị mất ngủ được nghiên cứu ở nhiều nước trên thế giới đặc biệt là ở Trung Quốc, những công trình điều trị mất ngủ gồm có một số đề tài sau:\n\n###4.1 Các nghiên cứu trong nước\n\nNghiên cứu của Lê Thị Tường Vân (2015) về đánh giá tác dụng điện châm huyệt Nội Quan, Thần Môn, An Miên 1, An Miên 2 trong điều trị mất ngủ không thực tổn cho thấy thời lượng giấc ngủ và hiệu quả tăng lên so với trước điều trị (p \\< 0,01). Chất lượng giấc ngủ được cải thiện khá rõ so với trước điều trị. Theo nghiên cứu của Lê Thị Tường Vân so sánh giữa 2 nhóm, nhóm 1 là nhóm chứng điện châm các huyệt Thần môn, Tam âm giao, Nội quan so với nhóm 2 là nhóm can thiệp điện châm các huyệt Thần môn, Tam âm giao, Nội quan và thêm hai huyệt là An miên 1, An miên 2, cả hai nhóm đều sử dụng tần số bổ từ 3-6Hz, cường độ kích thích tăng từ 0-100µA (tùy vào ngưỡng bệnh nhân chịu được), thời gian kích thích là 20 phút. Sau khi 15 ngày can thiệp thì không có sự khác biệt có ý nghĩa giữa hai nhóm, tuy nhiên giữa mỗi nhóm có ý nghĩa thống kê trước và sau khi can thiệp (T. T. V. Lê, 2015). Vì vậy nghiên cứu chúng tôi sử dụng nhóm huyệt Thần môn, Tam âm giao, Nội quan, An miên làm nhóm chứng. Nghiên cứu của Nguyễn Đức Minh, Nguyễn Vinh Quốc (2021) về hiệu quả điều trị mất ngủ không thực tổn thể Tâm Tỳ hư bằng phương pháp cấy chỉ kết hợp tập dưỡng sinh. Sau 30 ngày điều trị điểm PSQI trung bình giảm từ 13,97±3,01 còn 4,52±1,14 (p \\< 0,05) (Đ. M. Nguyễn & Nguyễn, 2021). Nghiên cứu của Nguyễn Văn Toại (2022) về tác dụng của phương pháp cấy chỉ trong điều trị mất ngủ không thực tổn, nghiên cứu được tiến hành để đánh giá tác dụng điều trị rối loạn giấc ngủ trên 2 thể Tâm tỳ hư và Tâm Thận bất giao của liệu pháp cấy chỉ các huyệt Nội quan, Thần môn, Tam âm giao, Thái khê. Phương pháp nghiên cứu là thử nghiệm lâm sàng mở, so sánh trước - sau điều trị. Sau 30 ngày, thời lượng giấc ngủ tăng từ 2,68 ± 0,66 lên 6,10 ± 0,99 (giờ), thời gian đi vào giấc ngủ giảm từ 70,17 ± 23,38 xuống 29,25 ± 9,20 (phút) và tổng điểm PSQI giảm từ 16,17 ± 1,77 xuống 5,02 ± 2,98 (điểm) (p \\< 0,01). Tỷ lệ bệnh nhân không rối loạn giấc ngủ là 66,7%. Sự cải thiện giấc ngủ ở 2 thể tương đương nhau (p \\> 0,05). Phương pháp cấy chỉ nhóm huyệt trong nghiên cứu có tác dụng cải thiện thời lượng giấc ngủ, thời gian đi vào giấc ngủ và tổng điểm PSQI, các kết quả này tương đương nhau giữa 2 thể lâm sàng Y học cổ truyền (V. T. Nguyễn, 2022). Nghiên cứu của Lê Thị Hường, Nguyễn Thị Thu Hà (2023) về hiệu quả điều trị mất ngủ không thực tổn thể Tâm Tỳ hư bằng phương pháp phúc châm kết hợp bài “Quy tỳ thang”. Kết quả: Sau 30 ngày điều trị, thời lượng giấc ngủ tăng từ 3,25 ± 0,79 lên 6,63 ± 0,52 (giờ), thời gian đi vào giấc ngủ giảm từ 74,00 ± 14,28 xuống 26,51 ± 9,01 (phút), tổng điểm PSQI giảm từ 15,77 ± 1,69 xuống 3,77 ± 1,19 (điểm) (p \\< 0,01). Hiệu quả điều trị ở nhóm nghiên cứu tốt hơn nhóm chứng (p \\< 0,05). Kết luận: Phúc châm kết hợp bài “Quy tỳ thang” có tác dụng cải thiện thời lượng giấc ngủ, thời gian đi vào giấc ngủ và tổng điểm PSQI trong điều trị mất ngủ không thực tổn thể Tâm Tỳ hư (T. H. Lê & Nguyễn, 2023).\n\n###4.2 Các nghiên cứu nước ngoài\n\n####4.2.1 Nghiên cứu về phương pháp không dùng thuốc\n\nNghiên cứu của Zhou L và cộng sự (2017) kết hợp giữa cấy chỉ và nhĩ châm để điều trị bệnh lý mất ngủ thể Tỳ vị hư, so sánh với nhóm cấy chỉ đơn thuần, 180 bệnh nhân được chia vào 2 nhóm, nhóm chứng được điều trị đơn thuần cấy chỉ các huyệt (Trung quản, Thiên xu, An miên, Tam âm giao, Túc tam lý, Âm lăng tuyền), nhóm can thiệp với huyệt cấy chỉ như nhóm chứng kết hợp thêm châm loa tai các huyệt (Thần môn, Vùng dưới đồi, Tâm, Tỳ, Dạ dày). Kết quả sau 3 tháng điều trị nhóm can thiệp cải thiện tỉ lệ đáng kể là 92,5 % và nhóm chứng là 80,5% và thang điểm PSQI ở nhóm can thiệp giảm có ý nghĩa thống kê hơn so với nhóm đối chứng (p \\< 0,05)(Zhou và c.s., 2017). Nghiên cứu của Li YJ (2021) về hiệu quả lâm sàng của phương pháp “Ôn thông hoả châm” phối hợp hào châm trong điều trị bệnh nhân tiền mãn kinh mất ngủ thể khí trệ huyết ứ. Nghiên cứu thực hiện trên 30 bệnh nhân, ngẫu nhiên phân làm 2 nhóm: Nhóm nghiên cứu sử dụng phương pháp “Ôn thông hoả châm” kết hợp hào châm, Nhóm đối chứng sử dụng viên nang Huyết phụ trục ứ. Sau 4 tuần điều trị, tổng điểm PSQI của nhóm nghiên cứu thấp hơn nhóm đối chứng (p \\< 0,05), tổng hiệu quả điều trị của nhóm nghiên cứu cao hơn nhóm đối chứng (p \\< 0,05) (Y. J. Li, 2021). Nghiên cứu của Chen DG (2024) về hiệu quả lâm sàng của phương pháp châm thường quy và lưu kim tại huyệt trong điều trị mất ngủ nguyên nhân cổ gáy. Nghiên cứu trên 60 bệnh nhân, ngẫu nhiên chia nhóm, mỗi nhóm 30 bệnh nhân. Nhóm đối chứng điều trị bằng phương pháp châm đơn thuần, nhóm nghiên cứu được kết hợp châm thường quy như nhóm đối chứng với châm lưu kim. Sau 14 ngày điều trị, 2 nhóm được đánh giá hiệu quả qua các thang điểm: NDI, VAS, PSQI. Kết quả: Sau điều trị, tổng điểm của các thang điểm trên đều giảm xuống, nhóm nghiên cứu thấp hơn nhóm nghiên cứu (p \\< 0,05) (Chen và c.s., 2024). Nghiên cứu của Yu LJ và các tác giả (2024) về hiệu quả của phương pháp điện châm du huyệt ở cổ gáy trong điều trị mất ngủ mãn tính thể can uất hoá hoả và ảnh hưởng đến chức năng trí nhớ tình tiết (spisodic memory). Nghiên cứu tiến hành trên 70 bệnh nhân mất ngủ thể can uất hoá hoả, ngẫu nhiên phân thành 2 nhóm: nhóm điện châm 35 bệnh nhân (1 bệnh nhân rời nghiên cứu) nhóm đối chứng (2 bệnh nhân rời nghiên cứu). Nhóm điện châm sử dụng điện châm các huyệt vị ở vùng cổ gáy, nhóm đối chứng dùng thuốc Estazolam. Sau khi điều trị tiến hành đánh giá thang điểm PSQI, và các triệu chứng đông y, điểm kiểm tra trí nhớ thính giác (auditory verbal memory test, AVMT), đánh giá các giá trị interleukin-1β (IL-1β), interleukin-6 (IL-6) và interleukin-8 (IL-8) trong huyết thanh trước và sau khi điều trị. So sánh hiệu quả lâm sàng của hai nhóm. Kết quả: So với trước điều trị, tổng điểm PSQI, điểm về các triệu chứng đông y và nồng độ IL-1β, IL-6 và IL-8 trong huyết thanh đều giảm ở cả hai nhóm (p \\< 0,05); Tổng điểm PSQI và thời gian ngủ, chất lượng giấc ngủ chủ quan, hiệu quả giấc ngủ, điểm rối loạn chức năng ban ngày trong PSQI, điểm về các triệu chứng đông y và nồng độ IL-1β, IL-6 và IL-8 huyết thanh của nhóm điện châm đều thấp hơn so với nhóm dùng thuốc tây y (p \\< 0,05); So với trước điều trị, tất cả điểm ghi nhớ trong bài kiểm tra AVMT trong nhóm điện châm đều tăng (p \\< 0,05); và tất cả điểm ghi nhớ của AVMT ở nhóm điện châm đều cao hơn đáng kể so với nhóm dùng thuốc tây sau khi điều trị (p \\< 0,05). Tổng tỷ lệ hiệu quả của nhóm điện châm là 97,0%, cao hơn đáng kể so với 76,5% ở nhóm dùng thuốc tây y (p \\< 0,05)(Yu và c.s., 2024). Nghiên cứu của Si YQ và các tác giả (2025) về hiệu quả điều trị của phương pháp điện châm theo pháp Bồi nguyên dưỡng tâm và phúc châm trong điều trị bệnh nhân mất ngủ sau đột quỵ. Ngẫu nhiên phân nhóm 90 bệnh nhân mất ngủ do đột quỵ, mỗi nhóm 45 bệnh nhân. Nhóm đối chứng dùng Estazolam, nhóm nghiên cứu sử dụng kết hợp phương pháp điện châm theo pháp Bồi nguyên dưỡng tâm kết hợp phúc châm. Sau 4 tuần điều trị, đánh giá tổng thang điểm PSQI, thang điểm (rối loạn lo âu, căng thẳng) SAS, SDS, thang điểm đánh giá chất lượng cuộc sống WHOQOL-BREF. Kết quả: Sau điều trị, tổng điểm thang điểm PSQI, SAS, SDS, triệu chứng đông y cảu cả hai nhóm đều giảm, nhóm nghiên cứu thấp hơn nhóm đối chứng (p \\< 0,05), tổng điểm đánh giá chất lượng cuộc sống WHOQOL-BREF sau điều trị được nâng cao, nhóm nghiên cứu cao hơn nhóm đối chứng (p \\< 0,05) (Si và c.s., 2025).\n\n####4.2.2 Nghiên cứu về bài thuốc\n\nNghiên cứu của Yi YF (2015) về hiệu quả điều trị của sử dụng kết hợp bài thuốc Quy tỳ thang gia giảm với thể châm trên bệnh nhân mất ngủ thể Tâm tỳ lưỡng hư. Nghiên cứu tiến hành trên 100 bệnh nhân, phân thành hai nhóm, cả hai nhóm đều sử dụng Quy tỳ thang gia giảm, Nhóm nghiên cứu sử dụng kết hợp với thể châm, điều trị trong 3 tháng. Kết quả: Nhóm nghiên cứu đạt hiệu quả chiếm 90,00% cao hơn nhóm đối chứng (hiệu quả điều trị đạt 78,00%) (p \\< 0,05) (Yi, 2015). Nghiên cứu của Yang JP (2016) về hiệu quả điều trị của bài thuốc Bá tử dưỡng tâm thang gia vị trên bệnh nhân mất ngủ tiền mãn kinh thể tâm tỳ lưỡng hư. Nghiên cứu thực hiện trên 100 bệnh nhân tiền mãn kinh có mất ngủ thể tâm tỳ lưỡng hư, ngẫu nhiên chia làm 2 nhóm, Nhóm nghiên cứu: sử dụng bài thuốc Bá tử nhân dưỡng tâm thang gia vị, nhóm đối chứng: sử dụng Vitamin B, Estazolam 2mg. Mỗi liệu trình 10 ngày, bệnh nhân điều trị 2 liệu trình, sau điều trị đánh giá thang điểm PSQI. Kết quả: Nhóm nghiên cứu, tổng hiệu quả đạt 88% cao hơn nhóm đối chứng với tổng hiệu quả điều trị 62% (p \\< 0,05). Điểm PSQI ở nhóm nghiên cứu trước và sau điều trị về các mặt: thời gian vào giấc, thời lượng giấc ngủ, chất lượng giấc ngủ, sự sử dụng thuốc ngủ, rối loạn trong ngày đều giảm (p \\< 0,05). Điểm PSQI sau điều trị giữa 2 nhóm về các mặt thời gian vào giấc, thời lượng giấc ngủ, chất lượng giấc ngủ, sự sử dụng thuốc ngủ, rối loạn trong ngày có sự thay đổi, nhóm nghiên cứu thấp hơn nhóm đối chứng (p \\< 0,05) (Yang, 2016). Nghiên cứu của Li YS (2017) về hiệu quả điều trị của bài thuốc Quy tỳ dưỡng tâm thang gia giảm trên bệnh nhân Thất miên có hư chứng. Nghiên cứu trên 78 bệnh nhân thất miên có hư chứng, phân làm 2 nhóm, Nhóm nghiên cứu: bệnh nhân được biện chứng luận trị, sử dụng bài thuốc Quy tỳ dưỡng tâm thang gia giảm, nhóm đối chứng: sử dụng thuốc (Estazolam 1-2mg), điều trị trong 3 tháng. Kết quả: Nhóm nghiên cứu có tổng hiệu quả đạt 97,44% cao hơn nhóm đối chứng hiệu quả đạt 84,62% (p \\< 0,05) (Y. Li, 2017). Nghiên cứu của Li CJ, Yan HB (2019) về hiệu quả điều trị của Thiên vương bổ tâm đan gia giảm trên 50 bệnh nhân thất miên thể tâm âm hư. Nghiên cứu được thực hiện thên 100 bệnh nhân, ngẫu nhiên phân thành 2 nhóm, nhóm chứng: sử dụng trị liệu thường quy; nhóm nghiên cứu: điều trị thường quy kết hợp bài thuốc Thiên vương bổ tâm đan gia giảm. So sánh kết quả điều trị giữa hai nhóm, sau 6 tuần điều trị, nhóm nghiên cứu đạt kết quả tốt hơn Nhóm nghiên cứu (p \\< 0,05)(C. J. Li & Yan, 2019). Nghiên cứu của Jin YM, Li YP (2024) về hiệu quả lâm sàng của Điều thần dưỡng tâm thang trong điều trị bệnh nhân mất ngủ tiền mãn kinh. Nghiên cứu trên 60 bệnh nhân tiền mãn kinh mất ngủ thể tâm thận bất gia. Ngẫu nhiên phần nhóm, mỗi nhóm 30 bệnh nhân, Nhóm đối chứng sử dụng viên nang Ô linh, nhóm điều trị sự dụng Điều thần dưỡng tâm thang. Đánh giá trước sau điều trị, sau 8 tuần điều trị, đánh giá các thang điểm PSQI, KMI (chỉ số tiền mãn kinh), thang điểm HAMA, đánh giá các triệu chứng đông y. Kết quả sau 8 tuần điều trị, tổng hiệu quả của nhóm nghiên cứu đạt 96,7%, cao hơn nhóm đối chứng 86,7% (p \\< 0,05). Các triệu chứng đông y như triều nhiệt, đổ mồ hôi, mất ngủ, hồi hộp trống ngực…. đều giảm so với nhóm đối chứng (p \\< 0,05); nhóm nghiên cứu sau điều trị tổng điểm HAMA và điểm triệu chứng đông y đều giảm sao với nhóm đối chứng (p\\<0,05) (Jin & Li, 2024).\n\n","srcMarkdownNoYaml":""},"formats":{"docx":{"identifier":{"display-name":"MS Word","target-format":"docx","base-format":"docx"},"execute":{"fig-width":5,"fig-height":4,"fig-format":"png","fig-dpi":300,"df-print":"default","error":false,"eval":true,"cache":null,"freeze":false,"echo":true,"output":true,"warning":true,"include":true,"keep-md":false,"keep-ipynb":false,"ipynb":null,"enabled":null,"daemon":null,"daemon-restart":false,"debug":false,"ipynb-filters":[],"ipynb-shell-interactivity":null,"plotly-connected":true,"engine":"markdown"},"render":{"keep-tex":false,"keep-typ":false,"keep-source":false,"keep-hidden":false,"prefer-html":false,"output-divs":true,"output-ext":"docx","fig-align":"center","fig-pos":null,"fig-env":null,"code-fold":"none","code-overflow":"scroll","code-link":false,"code-line-numbers":false,"code-tools":false,"tbl-colwidths":true,"merge-includes":true,"inline-includes":false,"preserve-yaml":false,"latex-auto-mk":true,"latex-auto-install":true,"latex-clean":true,"latex-min-runs":1,"latex-max-runs":10,"latex-makeindex":"makeindex","latex-makeindex-opts":[],"latex-tlmgr-opts":[],"latex-input-paths":[],"latex-output-dir":null,"link-external-icon":false,"link-external-newwindow":false,"self-contained-math":false,"format-resources":[],"page-width":6.5},"pandoc":{"default-image-extension":"png","to":"docx","toc":true,"number-sections":false,"reference-doc":"source/sstt_dtcs_quato_words_input.docx","output-file":"02-tong-quan-tai-lieu.docx"},"language":{"toc-title-document":"Table of contents","toc-title-website":"On this page","related-formats-title":"Other Formats","related-notebooks-title":"Notebooks","source-notebooks-prefix":"Source","other-links-title":"Other Links","code-links-title":"Code Links","launch-dev-container-title":"Launch Dev Container","launch-binder-title":"Launch Binder","article-notebook-label":"Article Notebook","notebook-preview-download":"Download Notebook","notebook-preview-download-src":"Download Source","notebook-preview-back":"Back to Article","manuscript-meca-bundle":"MECA Bundle","section-title-abstract":"Abstract","section-title-appendices":"Appendices","section-title-footnotes":"Footnotes","section-title-references":"References","section-title-reuse":"Reuse","section-title-copyright":"Copyright","section-title-citation":"Citation","appendix-attribution-cite-as":"For attribution, please cite this work as:","appendix-attribution-bibtex":"BibTeX citation:","appendix-view-license":"View License","title-block-author-single":"Author","title-block-author-plural":"Authors","title-block-affiliation-single":"Affiliation","title-block-affiliation-plural":"Affiliations","title-block-published":"Published","title-block-modified":"Modified","title-block-keywords":"Keywords","callout-tip-title":"Tip","callout-note-title":"Note","callout-warning-title":"Warning","callout-important-title":"Important","callout-caution-title":"Caution","code-summary":"Code","code-tools-menu-caption":"Code","code-tools-show-all-code":"Show All Code","code-tools-hide-all-code":"Hide All Code","code-tools-view-source":"View Source","code-tools-source-code":"Source Code","tools-share":"Share","tools-download":"Download","code-line":"Line","code-lines":"Lines","copy-button-tooltip":"Copy to Clipboard","copy-button-tooltip-success":"Copied!","repo-action-links-edit":"Edit this page","repo-action-links-source":"View source","repo-action-links-issue":"Report an issue","back-to-top":"Back to top","search-no-results-text":"No results","search-matching-documents-text":"matching documents","search-copy-link-title":"Copy link to search","search-hide-matches-text":"Hide additional matches","search-more-match-text":"more match in this document","search-more-matches-text":"more matches in this document","search-clear-button-title":"Clear","search-text-placeholder":"","search-detached-cancel-button-title":"Cancel","search-submit-button-title":"Submit","search-label":"Search","toggle-section":"Toggle section","toggle-sidebar":"Toggle sidebar navigation","toggle-dark-mode":"Toggle dark mode","toggle-reader-mode":"Toggle reader mode","toggle-navigation":"Toggle navigation","crossref-fig-title":"Figure","crossref-tbl-title":"Table","crossref-lst-title":"Listing","crossref-thm-title":"Theorem","crossref-lem-title":"Lemma","crossref-cor-title":"Corollary","crossref-prp-title":"Proposition","crossref-cnj-title":"Conjecture","crossref-def-title":"Definition","crossref-exm-title":"Example","crossref-exr-title":"Exercise","crossref-ch-prefix":"Chapter","crossref-apx-prefix":"Appendix","crossref-sec-prefix":"Section","crossref-eq-prefix":"Equation","crossref-lof-title":"List of Figures","crossref-lot-title":"List of Tables","crossref-lol-title":"List of Listings","environment-proof-title":"Proof","environment-remark-title":"Remark","environment-solution-title":"Solution","listing-page-order-by":"Order By","listing-page-order-by-default":"Default","listing-page-order-by-date-asc":"Oldest","listing-page-order-by-date-desc":"Newest","listing-page-order-by-number-desc":"High to Low","listing-page-order-by-number-asc":"Low to High","listing-page-field-date":"Date","listing-page-field-title":"Title","listing-page-field-description":"Description","listing-page-field-author":"Author","listing-page-field-filename":"File Name","listing-page-field-filemodified":"Modified","listing-page-field-subtitle":"Subtitle","listing-page-field-readingtime":"Reading Time","listing-page-field-wordcount":"Word Count","listing-page-field-categories":"Categories","listing-page-minutes-compact":"{0} min","listing-page-category-all":"All","listing-page-no-matches":"No matching items","listing-page-words":"{0} words","listing-page-filter":"Filter","draft":"Draft"},"metadata":{"bibliography":["source/sstt_reference.bib"],"csl":"source/ama-brackets.csl","dev":"dml","fig-cap-location":"bottom"},"extensions":{"book":{"selfContainedOutput":true}}}},"projectFormats":["docx"]}