{"title":"KẾT QUẢ NGHIÊN CỨU","markdown":{"headingText":"KẾT QUẢ NGHIÊN CỨU","containsRefs":false,"markdown":"```{r setup, include=FALSE}\nknitr::opts_chunk$set(include = FALSE)\nsource(here::here(\"R\", \"packages.R\"))\n```\n\nddddddd\n\n## Đặc điểm đối tượng nghiên cứu\ngg\n\n### Đặc điểm theo tuổi và giới tính\n\n### Đặc điểm theo hoàn cảnh gia đình, nghề nghiệp, hôn nhân\n\n###1.3 Đặc điểm thời gian mắc bệnh\n\n###1.4 Đặc điểm yếu tố thúc đẩy bệnh\n\n###1.5 Đặc điểm tính chất xuất hiện bệnh 3.1.6 Điểm PSQI lúc khởi trị\n\n##2 Đánh giá hiệu quả điều trị\n\n###2.1 Hiệu quả cải thiện thời lượng giấc ngủ\n\n###2.2 Hiệu quả cải thiện thời gian vào giấc ngủ\n\n###2.3 Tác dụng cải thiện hiệu quả giấc ngủ\n\n###2.4 Hiệu quả cải thiện chất lượng giấc ngủ\n\n###2.5 Hiệu quả cải thiện thang điểm PSQI\n\n###2.6 Hiệu quả cải thiện một số triệu chứng thứ phát sau mất ngủ\n\n###2.7 Hiệu quả cải thiện một số triệu chứng YHCT\n\n##3. Một số yếu tố liên quan đến kết quả điều trị\n\n#Chương IV: BÀN LUẬN\n\n##1 Đặc điểm chung của đối tượng nghiên cứu\n\n###1.1 Phân bố bệnh nhân theo tuổi\n\n###1.2 Phân bố bệnh nhân theo giới tính\n\n###1.3 Phân bố bệnh nhân theo nghề nghiệp\n\n###1.4 Phân bố bệnh nhân theo tình trạng hôn nhân\n\n###1.5 Phân bố bệnh nhân theo hoàn cảnh gia đình\n\n###1.5 Phân bố thời gian mắc bệnh của bệnh nhân\n\n###1.6 Phân bố theo yếu tố thúc đẩy\n\n###1.7 Phân bố theo tính chất xuất hiện bệnh\n\n###1.8 Điểm PSQI trước khi điều trị\n\n##2. Hiệu quả của phương pháp điều trị\n\n","srcMarkdownNoYaml":""},"formats":{"docx":{"identifier":{"display-name":"MS Word","target-format":"docx","base-format":"docx"},"execute":{"fig-width":5,"fig-height":4,"fig-format":"png","fig-dpi":300,"df-print":"default","error":false,"eval":true,"cache":null,"freeze":false,"echo":true,"output":true,"warning":true,"include":true,"keep-md":false,"keep-ipynb":false,"ipynb":null,"enabled":null,"daemon":null,"daemon-restart":false,"debug":false,"ipynb-filters":[],"ipynb-shell-interactivity":null,"plotly-connected":true,"engine":"knitr"},"render":{"keep-tex":false,"keep-typ":false,"keep-source":false,"keep-hidden":false,"prefer-html":false,"output-divs":true,"output-ext":"docx","fig-align":"center","fig-pos":null,"fig-env":null,"code-fold":"none","code-overflow":"scroll","code-link":false,"code-line-numbers":false,"code-tools":false,"tbl-colwidths":true,"merge-includes":true,"inline-includes":false,"preserve-yaml":false,"latex-auto-mk":true,"latex-auto-install":true,"latex-clean":true,"latex-min-runs":1,"latex-max-runs":10,"latex-makeindex":"makeindex","latex-makeindex-opts":[],"latex-tlmgr-opts":[],"latex-input-paths":[],"latex-output-dir":null,"link-external-icon":false,"link-external-newwindow":false,"self-contained-math":false,"format-resources":[],"page-width":6.5},"pandoc":{"default-image-extension":"png","to":"docx","toc":true,"number-sections":false,"reference-doc":"source/sstt_dtcs_quato_words_input.docx","output-file":"04-ket-qua.docx"},"language":{"toc-title-document":"Table of contents","toc-title-website":"On this page","related-formats-title":"Other Formats","related-notebooks-title":"Notebooks","source-notebooks-prefix":"Source","other-links-title":"Other Links","code-links-title":"Code Links","launch-dev-container-title":"Launch Dev Container","launch-binder-title":"Launch Binder","article-notebook-label":"Article Notebook","notebook-preview-download":"Download Notebook","notebook-preview-download-src":"Download Source","notebook-preview-back":"Back to Article","manuscript-meca-bundle":"MECA Bundle","section-title-abstract":"Abstract","section-title-appendices":"Appendices","section-title-footnotes":"Footnotes","section-title-references":"References","section-title-reuse":"Reuse","section-title-copyright":"Copyright","section-title-citation":"Citation","appendix-attribution-cite-as":"For attribution, please cite this work as:","appendix-attribution-bibtex":"BibTeX citation:","appendix-view-license":"View License","title-block-author-single":"Author","title-block-author-plural":"Authors","title-block-affiliation-single":"Affiliation","title-block-affiliation-plural":"Affiliations","title-block-published":"Published","title-block-modified":"Modified","title-block-keywords":"Keywords","callout-tip-title":"Tip","callout-note-title":"Note","callout-warning-title":"Warning","callout-important-title":"Important","callout-caution-title":"Caution","code-summary":"Code","code-tools-menu-caption":"Code","code-tools-show-all-code":"Show All Code","code-tools-hide-all-code":"Hide All Code","code-tools-view-source":"View Source","code-tools-source-code":"Source Code","tools-share":"Share","tools-download":"Download","code-line":"Line","code-lines":"Lines","copy-button-tooltip":"Copy to Clipboard","copy-button-tooltip-success":"Copied!","repo-action-links-edit":"Edit this page","repo-action-links-source":"View source","repo-action-links-issue":"Report an issue","back-to-top":"Back to top","search-no-results-text":"No results","search-matching-documents-text":"matching documents","search-copy-link-title":"Copy link to search","search-hide-matches-text":"Hide additional matches","search-more-match-text":"more match in this document","search-more-matches-text":"more matches in this document","search-clear-button-title":"Clear","search-text-placeholder":"","search-detached-cancel-button-title":"Cancel","search-submit-button-title":"Submit","search-label":"Search","toggle-section":"Toggle section","toggle-sidebar":"Toggle sidebar navigation","toggle-dark-mode":"Toggle dark mode","toggle-reader-mode":"Toggle reader mode","toggle-navigation":"Toggle navigation","crossref-fig-title":"Figure","crossref-tbl-title":"Table","crossref-lst-title":"Listing","crossref-thm-title":"Theorem","crossref-lem-title":"Lemma","crossref-cor-title":"Corollary","crossref-prp-title":"Proposition","crossref-cnj-title":"Conjecture","crossref-def-title":"Definition","crossref-exm-title":"Example","crossref-exr-title":"Exercise","crossref-ch-prefix":"Chapter","crossref-apx-prefix":"Appendix","crossref-sec-prefix":"Section","crossref-eq-prefix":"Equation","crossref-lof-title":"List of Figures","crossref-lot-title":"List of Tables","crossref-lol-title":"List of Listings","environment-proof-title":"Proof","environment-remark-title":"Remark","environment-solution-title":"Solution","listing-page-order-by":"Order By","listing-page-order-by-default":"Default","listing-page-order-by-date-asc":"Oldest","listing-page-order-by-date-desc":"Newest","listing-page-order-by-number-desc":"High to Low","listing-page-order-by-number-asc":"Low to High","listing-page-field-date":"Date","listing-page-field-title":"Title","listing-page-field-description":"Description","listing-page-field-author":"Author","listing-page-field-filename":"File Name","listing-page-field-filemodified":"Modified","listing-page-field-subtitle":"Subtitle","listing-page-field-readingtime":"Reading Time","listing-page-field-wordcount":"Word Count","listing-page-field-categories":"Categories","listing-page-minutes-compact":"{0} min","listing-page-category-all":"All","listing-page-no-matches":"No matching items","listing-page-words":"{0} words","listing-page-filter":"Filter","draft":"Draft"},"metadata":{"bibliography":["source/sstt_reference.bib"],"csl":"source/ama-brackets.csl","dev":"dml","fig-cap-location":"bottom"},"extensions":{"book":{"selfContainedOutput":true}}}},"projectFormats":["docx"]}