{"title":"ĐỐI TƯỢNG VÀ PHƯƠNG PHÁP NGHIÊN CỨU","markdown":{"headingText":"ĐỐI TƯỢNG VÀ PHƯƠNG PHÁP NGHIÊN CỨU","containsRefs":false,"markdown":"```{r setup, include=FALSE}\nknitr::opts_chunk$set(include = FALSE)\nsource(here::here(\"R\", \"packages.R\"))\n```\n\n## Đối tượng nghiên cứu\n\nTất cả BN được chẩn đoán mất ngủ không thực tổn, từ 18 tuổi trở lên đến khám và điều trị ngoại trú và nội trú tại khoa YHCT Bệnh viện 30-4 thỏa mãn tiêu chuẩn lựa chọn và tiêu chuẩn loại trừ được trình bày dưới đây.\n\n### Piêu chuẩn chọn bệnh nhân\n\nBệnh nhân thoả mãn theo tiêu chuẩn chẩn đoán mất ngủ không thực tổn của ICD-10 + Phàn nàn về khó đi vào giấc ngủ và khó duy trì giấc ngủ hoặc chất lượng giấc ngủ kém. + Rối loạn giấc ngủ xảy ra ít nhất ba lần trong một tuần trong ít nhất một tháng. + Rối loạn giấc ngủ gây nên sự mệt mỏi cho cơ thể hoặc gây khó khăn trong hoạt động chức năng ban ngày. + Không có nguyên nhân tổn thương thực thể: tổn thương hệ thần kinh, do các bệnh lý nội khoa khác, rối loạn hành vi hay do sử dụng thuốc gây ra. Đánh giá chất lượng giấc ngủ theo thang điểm Pittsburgh (PSQI) tổng điểm \\>5 điểm. Bệnh nhân đồng ý và tự nguyện tham gia nghiên cứu sử dụng phác đồ nghiên cứu. Bệnh nhân thất miên thể tâm âm hư với triệu chứng và quy nạp theo tứ chẩn thoả mãn tiêu chuẩn sau:\n\n| **Tứ chẩn** | **Triệu chứng** |\n|-------------|-----------------------------------------------------------|\n| **Vọng** | Chất lưỡi đỏ, rêu lưỡi ít hoặc không có rêu, thể trạng gầy gò. |\n| **Văn** | Tiếng nói nhỏ rõ, hơi thở không hôi. |\n| **Vấn** | Mất ngủ, khó vào giấc, hay tỉnh, hay mơ, hồi hộp đánh trống ngực, bứt rứt khó chịu, đổ mồ hôi trộm, lòng bàn tay chân nóng, môi khô miệng khát, đại tiện táo, nước tiểu vàng. |\n| **Thiết** | Mạch tế sác. |\n\n: **Bảng 1.** Tiêu chuẩn chẩn đoán Thất miên thể Tâm tâm hư\n\n###1.2 Tiêu chuẩn loại trừ\n\nTiêu chuẩn loại trừ - BN có kèm theo rối loạn trầm cảm nặng hoặc bệnh nhân có bệnh lý nặng khác đi kèm cần phải xử lý bằng YHHĐ như nhồi máu cơ tim, tai biến mạch máu não v.v … - BN không hợp tác điều trị, không tuân thủ theo phác đồ nghiên cứu. - BN không tái khám, không được đánh giá kết quả sau điều trị. - Các thể bệnh khác của chứng Thất miên. Ghi chú \\* Trường hợp bệnh nhân trước 28 ngày điều trị mà không muốn tiếp tục điều trị do đã ngủ được thì thu thập phiếu dữ liệu của bệnh nhân tại thời điểm đó làm kết quả cuối cùng (T1) để đánh giá phân tích số liệu.\n\n##2. Địa điểm và thời gian\n\n-   Địa điểm nghiên cứu: Khoa YHCT, Bệnh viện 30-4\n-   Thời gian nghiên cứu: từ tháng 3/2025 đến 3/2026\n\n##3. Phương pháp nghiên cứu\n\n###3.1 Thiết kế nghiên cứu\n\nNghiên cứu can thiệp lâm sàng, tiến cứu, so sánh trước sau điều trị và so sánh với nhóm đối chứng.\n\n###3.2 Cỡ mẫu nghiên cứu\n\nCông thức tính cỡ mẫu Áp dụng công thức so sánh 2 trung bình về hiệu suất cải thiện giấc ngủ \\[16\\]: H2222222222222222222222 Trong đó: ● α: Sai lầm loại I. Chọn α = 0,05 ● β: Sai lầm loại II. Chọn β = 0,8 ● s: độ lệch chuẩn 2 nhóm ● m1: Hiệu suất cải thiện giấc ngủ người bệnh ở nhóm châm cứu (nhóm đối chứng) từ kết quả NC của tác giả Ngô Quang Vinh \\[17\\], hiệu suất sau điều trị nhóm châm cứu là 20,87 ± 10,11 ● m2: Hiệu suất cải thiện giấc ngủ ngủ người bệnh kỳ vọng ở nhóm châm cứu + Dưỡng tâm thang (nhóm nghiên cứu) 27,0 ± 10,11. ● n1: Cỡ mẫu tối thiểu dành cho nhóm nghiên cứu. ● n2: Cỡ mẫu tối thiểu dành cho nhóm đối chứng Từ đó tính được cỡ mẫu tối thiểu cho mỗi nhóm là 44 BN, tổng là 88 BN. Tỷ lệ mất mẫu dự kiến là 10%. Vì vậy, chúng tôi quyết định tuyển chọn tối thiểu 98 BN cho hai nhóm. Tính cỡ mẫu bằng phầm mềm R ![Hình1: Tính cỡ mẫu bằng phần mềm R](Tinh_co_mau.png)\n\nThu thập dữ liệu tối thiểu 98 bệnh nhân được chẩn đoán mất ngủ. - Các bệnh nhân được chẩn đoán Mất ngủ không thực tổn đáp ứng tiêu chuẩn lựa chọn và không vi phạm tiêu chuẩn loại trừ được tham gia vào quá trình nghiên cứu. - Bệnh nhân đều được thăm khám đánh giá cả YHHĐ và YHCT phân nhóm ngẫu nhiên vào Nhóm nghiên cứu và nhóm đối chứng, đánh giá các chỉ số giấc ngủ: tổng thời gian ngủ, thời gian từ khi lên giường đến khi ngủ được, số lần thức giấc trong đêm, hiệu quả giấc ngủ và thang điểm PSQI, đánh giá các triệu chứng đông y.\n\n###3.3 Các biến số nghiên cứu\n\n### Bảng 2. Các biến số nghiên cứu\n\n| STT | Tên biến | Loại biến | Cách đo lường / Giá trị |\n|-------------|----------------|-------------|-------------------------------|\n| 1 | Tuổi | Định lượng | Số năm tuổi, đo bằng số nguyên |\n| 2 | Giới tính | Định tính | Nam / Nữ |\n| 3 | Thời gian phát hiện bệnh | Định lượng | Tính bằng tháng |\n| 4 | Hoàn cảnh gia đình | Định tính | Sống cùng gia đình / cùng con cháu / một mình |\n| 5 | Nghề nghiệp trước đây | Định tính | Toàn thời gian / Bán thời gian / Về hưu |\n| 6 | Tình trạng hôn nhân | Định tính | Có chồng/vợ / Góa / Ly thân / Ly hôn |\n| 7 | Thời gian bị mất ngủ | Định lượng | Số năm bị mất ngủ |\n| 8 | Bệnh đi kèm | Định tính | Có / Không |\n| 9 | Tính chất xuất hiện mất ngủ | Định tính | Từ từ / Đột ngột |\n| 10 | Thời gian đi vào giấc ngủ | Định lượng | Số phút từ khi nằm xuống đến lúc ngủ |\n| 11 | Tác dụng không mong muốn châm cứu | Định tính (đa lựa chọn) | Vựng châm / Chảy máu / Bầm tím / Bỏng / Sưng đau |\n| 12 | Tác dụng không mong muốn của bài thuốc | Định tính (đa lựa chọn) | Dị ứng thuốc / Tiêu chảy / Buồn nôn / Nôn / Sốc phản vệ |\n| 13 | Các triệu chứng YHCT sau giấc ngủ | Định tính (đa lựa chọn) | Tiểu đêm / Mồ hôi trộm / Hay quên / Hồi hộp / Đau đầu / Khát nước… |\n| 14 | Điểm PSQI | Định lượng | Tổng điểm (0–21) theo thang PSQI gồm 7 thành phần |\n\n###3.4 Đánh giá tác dụng của phương pháp điều trị\n\nKết quả của phương pháp điều trị được đánh giá vào các thời điểm sau 28 ngày điều trị (T1) so sánh hiệu quả với thời điểm trước khi điều trị (T0), các yếu tố đánh giá bao gồm: - Thời gian đi vào giấc ngủ - Thời lượng giấc ngủ - Hiệu quả giấc ngủ (hiệu suất) = Số giờ ngủ/Số giờ nằm trên giường x 100%. - Rối loạn trong giấc ngủ - Chất lượng giấc ngủ theo đánh giá chủ quan của bệnh nhân: gồm 4 mức độ: Tốt (Dễ vào giấc, ngủ sâu, sảng khoái sau khi thức dậy), Khá (Dễ vào giấc, cảm thấy ngủ đủ giấc), Trung bình (Khó vào giấc, ngủ không sâu giấc, dễ tỉnh), Kém (Khó vào giấc, ngủ hay mê, hay tỉnh giấc, khó ngủ lại hoặc thức trắng đêm). - Các triệu chứng thứ phát sau mất ngủ. - Tổng điểm PITTSBURGH(PSQI) - Triệu chứng y học cổ truyền.\n\n###3.5 Các bước tiến hành nghiên cứu\n\nBước 1: Lựa chọn bệnh nhân Khám phân loại lựa chọn bệnh nhân, bệnh nhân được chẩn đoán mất ngủ thể tâm âm hư đáp ứng các tiêu chuẩn chọn bệnh nhân để đưa vào đối tượng nghiên cứu. Đánh giá triệu chứng lâm sàng trước khi điều trị (thời điểm T0). Ngẫu nhiên chia nhóm: Chúng tôi phân nhóm sử dụng phương pháp ngẫu nhiên bằng phần mềm R (bệnh nhân được phân vào 1 trong 2 nhóm theo số thứ tự) với hàm sau Phân nhóm ngẫu nhiêu bằng phần mềm R\n\n![Hình2: Danh sách 10 bệnh nhân đầu tiên dược phân nhóm bằng phần mềm R](Phan_nhom_ngau_nhien.png)\n\nNhóm nghiên cứu: Sử dụng phương pháp châm cứu kết hợp với bài thuốc “Dưỡng tâm thang” Nhóm đối chứng: Sử dụng phương pháp châm cứu đơn thuần. Bước 2: Tiến hành điều trị Bệnh nhân được bác sĩ là thành viên của nhóm nghiên cứu cấp đơn thuốc bài Dưỡng tâm thang. Sau đó bệnh nhân được các thành viên, nhân viên hỗ trợ (là các bác sĩ, y sĩ YHCT) của nhóm tiếp nhận tiến hành làm thủ thuật châm cứu. Mỗi ngày từ thứ 2 đến thứ 6 (nghỉ thứ bảy, chủ nhật hàng tuần) bệnh nhân sẽ đến để điều trị bằng châm cứu. Mỗi 7 ngày bệnh nhân sẽ được gặp bác sĩ để khám lại kê bài thuốc và tư vấn, tại thời điểm trước điều trị (T0) và ngày 28 (T1) bệnh nhân sẽ được ghi nhận lại kết quả điều trị trong phiếu thu thập dữ liệu. • Quy trình thực hiện châm cứu Chuẩn bị bệnh nhân: Bệnh nhân nằm tư thế thoải mái Chọn huyệt: Chúng tôi chọn huyệt theo lý luận của Y học cổ truyền Công thức huyệt chung: Nội quan, Thần môn, Tam âm giao, An miên 2 bên, Dũng tuyền (Cứu ngải) Kỹ thuật châm cứu: + Sát trùng tại vị trí các huyệt cần châm + Châm bổ: châm kim nhanh qua da thuận chiều đường kinh vào đúng giữa huyệt, từ từ đẩy kim tới huyệt, vê kim nhẹ nhàng cho đến khi đạt được cảm giác “đắc khí” (bệnh nhân có cảm giác tê, tức. Thầy thuốc dùng ngón tay lay nhẹ vào đốc kim cảm thấy kim bị mút chặt). + Lưu kim 30 phút + Cứu ngải tại huyệt Dũng tuyền: Đốt điếu ngải, hơ sát da vùng huyệt (giữ điếu ngải cách da khoảng 2-3cm), khi bệnh nhân nóng thì nhấc ra xa khoảng 5 giây, rồi đưa lại gần, tiếp tục như trên, duy trì trong thời gian 20 phút. Liệu trình điều trị: 28 ngày (1 tuần 5 ngày châm cứu, ngày 1 lần; nghỉ thứ 7, chủ nhật) • Phương tiện nghiên cứu - Bài thuốc Dưỡng tâm thang gồm các vị thuốc: Bá tử nhân 9g, Toan táo nhân 12g, Phục thần 12g, Sinh địa 12g, Thục địa 12g, Đương quy 12 g, Mạch môn 12g, Ngũ vị tử 6g, Đảng sâm 9g, Cam thảo 6g; thuốc được kê theo đơn bảo hiểm hoặc bệnh nhân tự mua tại nhà thuốc; thuốc được sắc và đóng gói tại khoa Y học cổ truyền Bệnh viện 30-4 theo quy trình sắc thuốc của Bệnh viện, bệnh nhân được hưỡng dẫn cách bảo quản và uống thuốc. - Kim châm cứu: Bệnh nhân tự mua kim châm cứu size 0,30\\*25 mm tại nhà thuốc bệnh viện. - Ngải cứu: Bệnh nhân tự mua nhang ngải cứu Tuệ hải đường tại nhà thuốc bệnh viện. Dụng cụ do nhóm nghiên cứu tự chuẩn bị: - Máy đo huyết áp cánh tay, Ống nghe: hiệu OMRON HEM – 8712. - 01 gối kê đầu chiều cao 5-8 cm. - Các dụng cụ khác: Cồn 70%, bông gòn, kẹp phẫu tích, hộp đựng bông gòn. - Bệnh án nghiên cứu, bảng trắc nghiệm tâm lý PSQI. Bước 3: Đánh giá sau điều trị Sau điều trị bệnh nhân được đánh giá sự thay đổi tại các thời điểm sau 28 ngày. Các triệu chứng được đánh giá bao gồm: - Các chỉ số đánh giá tình trạng mất ngủ: T0- T1 - Thang điểm PSQI: T0- T1 - Hiệu quả điều trị chung theo thang điểm PSQI sau điều trị - Triệu chứng YHCT: T0- T1 - Đánh giá một số yếu tố liên quan đến kết quả điều trị: tuổi, giới, thời gian bị bệnh, hoàn cảnh gia đình, tình trạng hôn nhân. Khảo sát tác dụng không mong muốn của phác đồ Tác dụng không mong muốn trên lâm sàng: - Bệnh nhân có phản ứng phụ với bài thuốc: dị ứng thuốc, tiêu chảy, buồn nôn, phản ứng phản vệ các mức độ, và các phản ứng phụ khác - Bệnh nhân chảy máu, bầm tím, đau nhiều, bỏng, vựng châm.\n\n##4. Cách xử lí khi xảy ra rủi ro\n\n-Xử lý vựng châm: Người bệnh hoa mắt chóng mặt, vã mồ hội, mạch nhanh, sắc mặt nhợt nhạt. Xử lý: rút kim ngay, lau mồ hôi, ủ ấm, uống nước trà đường nóng, cho người bệnh nằm nghỉ tại chỗ, day bấm các huyệt: thái dương, nội quan. Theo dõi sát mạch, huyết áp. (Theo phác đồ của Bộ y tế -Xử lý chảy máu: Dùng bông khô vô khuẩn ấn tại chỗ, không day -Xử lý sưng đau tại vùng châm: Bệnh nhân chườm lạnh, nghỉ ngơi -Xử lý bỏng: dùng thuốc mỡ vaseline bôi và băng lại, tránh nhiễm trùng -Xử lý các tác dụng không mong muốn khi dùng thuốc: các nghiên cứu viên là các bác sĩ trực tiếp thăm khám và điều trị cho bệnh nhân, căn cứ vào tình trạng xuất hiện các phản ứng tác dụng phụ để đưa ra phương án điều trị, xử lý an toàn cho bệnh nhân như: ngưng thuốc, theo dõi thêm hoặc xử trí dị ứng thuốc, tiêu chảy, nôn ói,… theo phác đồ của Bộ y tế.\n\n![Sơ đồ 1: Sơ đồ nghiên cứu](so_do_nghien_cuu.png)\n\n##6. Kỹ thuật sử dụng\n\nThu thập thông tin và sử lý số liệu: - Các số liệu thu thập bằng phiếu đánh giá theo dõi của từng bệnh nhân. Xử lý dữ liệu ● Nhập liệu và quản lý dữ liệu bằng phần mềm SPSS 20, xử lí bằng phần Phần mềm R\\\n● So sánh giá trị trung bình ở 2 nhóm dùng kiểm định Independent Sample t-test (phân phối chuẩn) hoặc kiểm định Wilcoxon Rank-Sum Test (không phân phối chuẩn). ● So sánh sự khác biệt giữa các tỷ lệ với các biến định tính dùng kiểm định Chi bình phương (χ2), hoặc kiểm định Fisher's Exact. ● Sử dụng Sample t-test (phân phối chuẩn) hoặc kiểm định Wilcoxon Rank-Sum Test (không phân phối chuẩn). ● Kết quả nghiên cứu được coi là có ý nghĩa thống kê khi p \\< 0,05 .\n\n##7. Vấn đề y đức\n\n-   Nghiên cứu được thông qua hội đồng đạo đức trong nghiên cứu y sinh học Trường Đại học Y dược Thành phố Hồ Chí Minh.\n-   Kỹ thuật châm cứu là kỹ thuật an toàn đã được Bộ y tế cho phép sử dụng, Bài thuốc Dưỡng tâm thang là bài thuốc cổ phương đã được sử dụng từ lâu và an toàn.\n-   Bệnh nhân được thông tin đầy đủ về các nội dung can thiệp trong nghiên cứu.\n-   Khám và chỉ định điều trị cho bệnh nhân được thực hiện bởi bác sĩ, y sĩ chuyên khoa Y học cổ truyền.\n-   Bệnh nhân tham gia nghiên cứu hoàn toàn tự nguyện và có thể dừng nghiên cứu vào bất kì thời điểm nào.\n-   Thông tin về bệnh nhân tham gia được bảo mật, trong phiếu thu thập thông tin chỉ ghi nhận tên viết tắt của bệnh nhân, chỉ có chủ nhiệm nhiệm vụ, nghiên cứu viên chính và thư kí nhiệm vụ được tiếp cận phiếu thu thập dữ liệu và không khai thác bất kì thông tin có tính chất nhạy cảm của bệnh nhân tham gia nghiên cứu.\n\n","srcMarkdownNoYaml":""},"formats":{"docx":{"identifier":{"display-name":"MS Word","target-format":"docx","base-format":"docx"},"execute":{"fig-width":5,"fig-height":4,"fig-format":"png","fig-dpi":300,"df-print":"default","error":false,"eval":true,"cache":null,"freeze":false,"echo":true,"output":true,"warning":true,"include":true,"keep-md":false,"keep-ipynb":false,"ipynb":null,"enabled":null,"daemon":null,"daemon-restart":false,"debug":false,"ipynb-filters":[],"ipynb-shell-interactivity":null,"plotly-connected":true,"engine":"knitr"},"render":{"keep-tex":false,"keep-typ":false,"keep-source":false,"keep-hidden":false,"prefer-html":false,"output-divs":true,"output-ext":"docx","fig-align":"center","fig-pos":null,"fig-env":null,"code-fold":"none","code-overflow":"scroll","code-link":false,"code-line-numbers":false,"code-tools":false,"tbl-colwidths":true,"merge-includes":true,"inline-includes":false,"preserve-yaml":false,"latex-auto-mk":true,"latex-auto-install":true,"latex-clean":true,"latex-min-runs":1,"latex-max-runs":10,"latex-makeindex":"makeindex","latex-makeindex-opts":[],"latex-tlmgr-opts":[],"latex-input-paths":[],"latex-output-dir":null,"link-external-icon":false,"link-external-newwindow":false,"self-contained-math":false,"format-resources":[],"page-width":6.5},"pandoc":{"default-image-extension":"png","to":"docx","toc":true,"number-sections":false,"reference-doc":"source/sstt_dtcs_quato_words_input.docx","output-file":"doi_tuong-phuong-phap.docx"},"language":{"toc-title-document":"Table of contents","toc-title-website":"On this page","related-formats-title":"Other Formats","related-notebooks-title":"Notebooks","source-notebooks-prefix":"Source","other-links-title":"Other Links","code-links-title":"Code Links","launch-dev-container-title":"Launch Dev Container","launch-binder-title":"Launch Binder","article-notebook-label":"Article Notebook","notebook-preview-download":"Download Notebook","notebook-preview-download-src":"Download Source","notebook-preview-back":"Back to Article","manuscript-meca-bundle":"MECA Bundle","section-title-abstract":"Abstract","section-title-appendices":"Appendices","section-title-footnotes":"Footnotes","section-title-references":"References","section-title-reuse":"Reuse","section-title-copyright":"Copyright","section-title-citation":"Citation","appendix-attribution-cite-as":"For attribution, please cite this work as:","appendix-attribution-bibtex":"BibTeX citation:","appendix-view-license":"View License","title-block-author-single":"Author","title-block-author-plural":"Authors","title-block-affiliation-single":"Affiliation","title-block-affiliation-plural":"Affiliations","title-block-published":"Published","title-block-modified":"Modified","title-block-keywords":"Keywords","callout-tip-title":"Tip","callout-note-title":"Note","callout-warning-title":"Warning","callout-important-title":"Important","callout-caution-title":"Caution","code-summary":"Code","code-tools-menu-caption":"Code","code-tools-show-all-code":"Show All Code","code-tools-hide-all-code":"Hide All Code","code-tools-view-source":"View Source","code-tools-source-code":"Source Code","tools-share":"Share","tools-download":"Download","code-line":"Line","code-lines":"Lines","copy-button-tooltip":"Copy to Clipboard","copy-button-tooltip-success":"Copied!","repo-action-links-edit":"Edit this page","repo-action-links-source":"View source","repo-action-links-issue":"Report an issue","back-to-top":"Back to top","search-no-results-text":"No results","search-matching-documents-text":"matching documents","search-copy-link-title":"Copy link to search","search-hide-matches-text":"Hide additional matches","search-more-match-text":"more match in this document","search-more-matches-text":"more matches in this document","search-clear-button-title":"Clear","search-text-placeholder":"","search-detached-cancel-button-title":"Cancel","search-submit-button-title":"Submit","search-label":"Search","toggle-section":"Toggle section","toggle-sidebar":"Toggle sidebar navigation","toggle-dark-mode":"Toggle dark mode","toggle-reader-mode":"Toggle reader mode","toggle-navigation":"Toggle navigation","crossref-fig-title":"Figure","crossref-tbl-title":"Table","crossref-lst-title":"Listing","crossref-thm-title":"Theorem","crossref-lem-title":"Lemma","crossref-cor-title":"Corollary","crossref-prp-title":"Proposition","crossref-cnj-title":"Conjecture","crossref-def-title":"Definition","crossref-exm-title":"Example","crossref-exr-title":"Exercise","crossref-ch-prefix":"Chapter","crossref-apx-prefix":"Appendix","crossref-sec-prefix":"Section","crossref-eq-prefix":"Equation","crossref-lof-title":"List of Figures","crossref-lot-title":"List of Tables","crossref-lol-title":"List of Listings","environment-proof-title":"Proof","environment-remark-title":"Remark","environment-solution-title":"Solution","listing-page-order-by":"Order By","listing-page-order-by-default":"Default","listing-page-order-by-date-asc":"Oldest","listing-page-order-by-date-desc":"Newest","listing-page-order-by-number-desc":"High to Low","listing-page-order-by-number-asc":"Low to High","listing-page-field-date":"Date","listing-page-field-title":"Title","listing-page-field-description":"Description","listing-page-field-author":"Author","listing-page-field-filename":"File Name","listing-page-field-filemodified":"Modified","listing-page-field-subtitle":"Subtitle","listing-page-field-readingtime":"Reading Time","listing-page-field-wordcount":"Word Count","listing-page-field-categories":"Categories","listing-page-minutes-compact":"{0} min","listing-page-category-all":"All","listing-page-no-matches":"No matching items","listing-page-words":"{0} words","listing-page-filter":"Filter","draft":"Draft"},"metadata":{"bibliography":["source/sstt_reference.bib"],"csl":"source/ama-brackets.csl","dev":"dml","fig-cap-location":"bottom"},"extensions":{"book":{"selfContainedOutput":true}}}},"projectFormats":["docx"]}