{
    "sources": [
        {
            "URL": "http://accesspharmacy.mhmedical.com/book.aspx?bookid=689",
            "edition": "9",
            "editor": [
                {
                    "family": "DiPiro",
                    "given": "Joseph T."
                },
                {
                    "family": "Talbert",
                    "given": "Robert L."
                },
                {
                    "family": "Yee",
                    "given": "Gary C."
                },
                {
                    "family": "Matzke",
                    "given": "Gary R."
                },
                {
                    "family": "Wells",
                    "given": "Barbara G."
                },
                {
                    "family": "Posey",
                    "given": "L. Michael"
                }
            ],
            "id": "dipiro2014pharmacotherapy",
            "issued": {
                "date-parts": [
                    [
                        2014
                    ]
                ]
            },
            "note": "Accessed April 3, 2020",
            "publisher": "McGraw-Hill",
            "title": "Pharmacotherapy: A pathophysiologic approach",
            "title-short": "Pharmacotherapy",
            "type": "book"
        },
        {
            "author": [
                {
                    "literal": "Nguyễn Thanh Bình"
                },
                {
                    "literal": "Lê Thị Ngọc"
                },
                {
                    "literal": "Nguyễn Ngọc Ánh"
                },
                {
                    "literal": "Nguyễn Thị Ánh Nguyệt"
                },
                {
                    "literal": "Nguyễn Quý Phong"
                },
                {
                    "literal": "Nguyễn Thị Phương Anh"
                },
                {
                    "literal": "Nguyễn Lê Hương"
                },
                {
                    "literal": "Lê Minh Hiền"
                },
                {
                    "literal": "Lương Hải Yến"
                },
                {
                    "literal": "Nguyễn Trung Anh"
                },
                {
                    "literal": "Hoàng Mai Phương"
                }
            ],
            "container-title": "Tạp chí Y học Việt Nam",
            "id": "nguyen2024nhan_thuc",
            "issue": "3",
            "issued": {
                "date-parts": [
                    [
                        2024,
                        6
                    ]
                ]
            },
            "title": "Đặc điểm nhận thức của người cao tuổi tại bệnh viện lão khoa trung ương",
            "type": "article-journal",
            "volume": "539"
        },
        {
            "author": [
                {
                    "literal": "Nguyễn Thị Hạnh"
                },
                {
                    "literal": "Phạm Lan Hương"
                },
                {
                    "literal": "Trần Minh Hòa"
                }
            ],
            "container-title": "Tạp chí Y học Lão khoa Việt Nam",
            "id": "nguyen2020mmse",
            "issue": "2",
            "issued": {
                "date-parts": [
                    [
                        2020
                    ]
                ]
            },
            "page": "45-52",
            "title": "Mối liên hệ giữa MMSE và các test nhận thức trong sàng lọc sa sút trí tuệ ở người cao tuổi tại việt nam",
            "type": "article-journal",
            "volume": "6"
        },
        {
            "author": [
                {
                    "literal": "Trần Hồng Quân"
                },
                {
                    "literal": "Nguyễn Thị Minh Hương"
                },
                {
                    "literal": "Lê Thị Hạnh"
                }
            ],
            "container-title": "Y học Việt Nam",
            "id": "tran2021tri_nho",
            "issue": "2",
            "issued": {
                "date-parts": [
                    [
                        2021
                    ]
                ]
            },
            "page": "58-63",
            "title": "Đánh giá trí nhớ trì hoãn và điểm MMSE ở người cao tuổi có rối loạn nhận thức nhẹ",
            "type": "article-journal",
            "volume": "509"
        },
        {
            "DOI": "10.1080/13854049008401594",
            "author": [
                {
                    "family": "RJ",
                    "given": "Ivnik"
                },
                {
                    "family": "JF",
                    "given": "Malec"
                },
                {
                    "family": "GE",
                    "given": "Smith"
                },
                {
                    "family": "EG",
                    "given": "Tangalos"
                },
                {
                    "family": "RC",
                    "given": "Peterson"
                }
            ],
            "container-title": "Clin Neuropsychol",
            "id": "ivnik1990avlt",
            "issue": "1",
            "issued": {
                "date-parts": [
                    [
                        1990
                    ]
                ]
            },
            "page": "29-41",
            "title": "Testing normal older adults: Mayo’s older americans normative studies",
            "title-short": "Testing normal older adults",
            "type": "article-journal",
            "volume": "4"
        },
        {
            "DOI": "10.1001/archneur.1994.00540150080013",
            "author": [
                {
                    "family": "KA",
                    "given": "Welsh"
                },
                {
                    "family": "N",
                    "given": "Butters"
                },
                {
                    "family": "JP",
                    "given": "Hughes"
                },
                {
                    "family": "RC",
                    "given": "Mohs"
                },
                {
                    "family": "A",
                    "given": "Heyman"
                }
            ],
            "container-title": "Arch Neurol",
            "id": "welsh1994cerad",
            "issue": "3",
            "issued": {
                "date-parts": [
                    [
                        1994
                    ]
                ]
            },
            "page": "288-292",
            "title": "Detection and staging of dementia in alzheimer’s disease: Use of the CERAD neuropsychological battery",
            "title-short": "Detection and staging of dementia in alzheimer’s disease",
            "type": "article-journal",
            "volume": "51"
        },
        {
            "DOI": "10.1212/01.wnl.0000279336.36610.f7",
            "author": [
                {
                    "family": "M",
                    "given": "Sarazin"
                },
                {
                    "family": "C",
                    "given": "Berr"
                },
                {
                    "family": "J",
                    "given": "De Rotrou"
                },
                {
                    "family": "C",
                    "given": "Fabrigoule"
                },
                {
                    "family": "F",
                    "given": "Pasquier"
                },
                {
                    "family": "S",
                    "given": "Legrain"
                },
                {
                    "family": "B",
                    "given": "Michel"
                },
                {
                    "family": "JP",
                    "given": "Gonzalez"
                },
                {
                    "family": "M",
                    "given": "Ceccaldi"
                },
                {
                    "family": "M",
                    "given": "Puel"
                },
                {
                    "family": "J",
                    "given": "Touchon"
                }
            ],
            "container-title": "Neurology",
            "id": "sarazin2007amnestic",
            "issue": "19",
            "issued": {
                "date-parts": [
                    [
                        2007
                    ]
                ]
            },
            "page": "1859-1867",
            "title": "Amnestic syndrome of the medial temporal type identifies prodromal AD: A longitudinal study",
            "title-short": "Amnestic syndrome of the medial temporal type identifies prodromal AD",
            "type": "article-journal",
            "volume": "69"
        },
        {
            "author": [
                {
                    "family": "Petersen",
                    "given": "Ronald C."
                }
            ],
            "container-title": "Arch Neurol",
            "id": "Petersen2014",
            "issue": "3",
            "issued": {
                "date-parts": [
                    [
                        2014
                    ]
                ]
            },
            "page": "303-308",
            "title": "Mild cognitive impairment: Clinical characterization and outcome",
            "title-short": "Mild cognitive impairment",
            "type": "article-journal",
            "volume": "56"
        },
        {
            "URL": "https://www.who.int/news-room/fact-sheets/detail/dementia",
            "author": [
                {
                    "family": "Organization",
                    "given": "World Health"
                }
            ],
            "id": "WHO2023",
            "issued": {
                "date-parts": [
                    [
                        2023
                    ]
                ]
            },
            "title": "Dementia fact sheet",
            "type": "webpage"
        },
        {
            "author": [
                {
                    "family": "Nguyen",
                    "given": "T. H."
                },
                {
                    "family": "Pham",
                    "given": "V. C."
                }
            ],
            "container-title": "Vietnam Journal of Geriatrics",
            "id": "Nguyen2020",
            "issued": {
                "date-parts": [
                    [
                        2020
                    ]
                ]
            },
            "page": "45-52",
            "title": "Prevalence of dementia and MCI among older adults in vietnam: A community-based study",
            "title-short": "Prevalence of dementia and MCI among older adults in vietnam",
            "type": "article-journal",
            "volume": "6"
        },
        {
            "author": [
                {
                    "family": "Selkoe",
                    "given": "Dennis J."
                }
            ],
            "container-title": "Science",
            "id": "Selkoe2012",
            "issue": "6101",
            "issued": {
                "date-parts": [
                    [
                        2012
                    ]
                ]
            },
            "page": "1488-1492",
            "title": "Preventing alzheimer’s disease",
            "type": "article-journal",
            "volume": "337"
        },
        {
            "author": [
                {
                    "family": "Cummings",
                    "given": "Jeffrey L."
                }
            ],
            "container-title": "Alzheimers Dement",
            "id": "Cummings2019",
            "issue": "8",
            "issued": {
                "date-parts": [
                    [
                        2019
                    ]
                ]
            },
            "page": "1216-1232",
            "title": "Biomarkers in alzheimer’s disease drug development",
            "type": "article-journal",
            "volume": "15"
        },
        {
            "author": [
                {
                    "family": "Association",
                    "given": "American Psychiatric"
                }
            ],
            "id": "DSM5",
            "issued": {
                "date-parts": [
                    [
                        2013
                    ]
                ]
            },
            "publisher": "American Psychiatric Publishing",
            "publisher-place": "Washington, DC",
            "title": "Diagnostic and statistical manual of mental disorders, fifth edition (DSM-5)",
            "type": "book"
        },
        {
            "DOI": "10.1111/ajag.12755",
            "author": [
                {
                    "literal": "Nguyễn Thị Anh"
                },
                {
                    "literal": "L. Thomson"
                },
                {
                    "literal": "Thanh Thị Ngọc"
                },
                {
                    "literal": "Vĩnh Bá Quốc"
                },
                {
                    "literal": "Phạm Thảo"
                },
                {
                    "literal": "Đặng Thị Hương"
                },
                {
                    "literal": "Phan Thị Lan"
                },
                {
                    "literal": "Võ Thị Hằng"
                },
                {
                    "literal": "Nguyễn Thị Nga"
                },
                {
                    "literal": "R. Cumming"
                },
                {
                    "literal": "K.J. Anstey"
                }
            ],
            "container-title": "Australasian Journal on Ageing",
            "id": "nguyen2020dementia",
            "issue": "2",
            "issued": {
                "date-parts": [
                    [
                        2020
                    ]
                ]
            },
            "note": "PMID: 31814244",
            "page": "137-141",
            "title": "Towards the development of vietnam’s national dementia plan—the first step of action",
            "type": "article-journal",
            "volume": "39"
        },
        {
            "DOI": "10.1016/S0140-6736(20)30367-6",
            "author": [
                {
                    "family": "Livingston",
                    "given": "Gill"
                },
                {
                    "family": "Huntley",
                    "given": "Jonathan"
                },
                {
                    "family": "Sommerlad",
                    "given": "Andrew"
                },
                {
                    "family": "Ames",
                    "given": "David"
                },
                {
                    "family": "Ballard",
                    "given": "Clive"
                },
                {
                    "family": "Banerjee",
                    "given": "Sube"
                },
                {
                    "family": "Burns",
                    "given": "Alistair"
                },
                {
                    "family": "Bateman",
                    "given": "J. Marc"
                },
                {
                    "family": "Brayne",
                    "given": "Carol"
                },
                {
                    "family": "Pascual-Leone",
                    "given": "Alvaro"
                },
                {
                    "family": "Gauthier",
                    "given": "Serge"
                },
                {
                    "family": "Rockwood",
                    "given": "Kenneth"
                },
                {
                    "family": "Schneider",
                    "given": "Lon S."
                },
                {
                    "family": "Mukadam",
                    "given": "Naaheed"
                }
            ],
            "container-title": "The Lancet",
            "id": "livingston2020lancet",
            "issue": "10248",
            "issued": {
                "date-parts": [
                    [
                        2020
                    ]
                ]
            },
            "page": "413-446",
            "title": "Dementia prevention, intervention, and care: 2020 report of the lancet commission",
            "title-short": "Dementia prevention, intervention, and care",
            "type": "article-journal",
            "volume": "396"
        },
        {
            "DOI": "10.1016/S0140-6736(20)30367-6",
            "author": [
                {
                    "family": "Livingston",
                    "given": "Gill"
                },
                {
                    "family": "Huntley",
                    "given": "Jonathan"
                },
                {
                    "family": "Sommerlad",
                    "given": "Andrew"
                },
                {
                    "dropping-particle": "et",
                    "family": "al."
                }
            ],
            "container-title": "The Lancet",
            "id": "livingston2020lancet",
            "issue": "10248",
            "issued": {
                "date-parts": [
                    [
                        2020
                    ]
                ]
            },
            "page": "413-446",
            "title": "Dementia prevention, intervention, and care: 2020 report of the lancet commission",
            "title-short": "Dementia prevention, intervention, and care",
            "type": "article-journal",
            "volume": "396"
        },
        {
            "DOI": "10.1212/WNL.0000000000004826",
            "author": [
                {
                    "family": "Petersen",
                    "given": "Ronald C."
                },
                {
                    "family": "Lopez",
                    "given": "Oscar"
                },
                {
                    "family": "Armstrong",
                    "given": "Melissa J."
                },
                {
                    "family": "Boeve",
                    "given": "Bradley F."
                },
                {
                    "family": "DeKosky",
                    "given": "Glen"
                },
                {
                    "family": "Knopman",
                    "given": "David"
                },
                {
                    "family": "Mendez",
                    "given": "Joseph J."
                },
                {
                    "family": "O’Bryant",
                    "given": "Sid"
                },
                {
                    "family": "Schneider",
                    "given": "Lon S."
                },
                {
                    "family": "Relkin",
                    "given": "Norman"
                },
                {
                    "family": "Sano",
                    "given": "Mary"
                },
                {
                    "family": "Trobe",
                    "given": "Thomas"
                }
            ],
            "container-title": "Neurology",
            "id": "petersen2018mci",
            "issue": "3",
            "issued": {
                "date-parts": [
                    [
                        2018
                    ]
                ]
            },
            "page": "126-135",
            "title": "Practice guideline update summary: Mild cognitive impairment",
            "title-short": "Practice guideline update summary",
            "type": "article-journal",
            "volume": "90"
        },
        {
            "DOI": "10.1212/WNL.0000000000004826",
            "author": [
                {
                    "family": "Petersen",
                    "given": "Ronald C."
                },
                {
                    "family": "Lopez",
                    "given": "Oscar"
                },
                {
                    "family": "Armstrong",
                    "given": "Melissa J."
                },
                {
                    "family": "Boeve",
                    "given": "Bradley F."
                },
                {
                    "family": "DeKosky",
                    "given": "Glen"
                },
                {
                    "family": "Knopman",
                    "given": "David"
                },
                {
                    "family": "Mendez",
                    "given": "Joseph J."
                },
                {
                    "family": "O’Bryant",
                    "given": "Sid E."
                },
                {
                    "family": "Schneider",
                    "given": "Lon S."
                },
                {
                    "family": "Relkin",
                    "given": "Norman L."
                },
                {
                    "family": "Sano",
                    "given": "Mary"
                },
                {
                    "family": "Trobe",
                    "given": "Thomas R."
                }
            ],
            "container-title": "Neurology",
            "id": "petersen2018mci",
            "issue": "3",
            "issued": {
                "date-parts": [
                    [
                        2018
                    ]
                ]
            },
            "page": "126-135",
            "title": "Practice guideline update summary: Mild cognitive impairment",
            "title-short": "Practice guideline update summary",
            "type": "article-journal",
            "volume": "90"
        },
        {
            "DOI": "10.1212/WNL.0000000000004826",
            "author": [
                {
                    "family": "Petersen",
                    "given": "Ronald C."
                },
                {
                    "family": "Lopez",
                    "given": "Oscar"
                },
                {
                    "family": "Armstrong",
                    "given": "Melissa J."
                },
                {
                    "dropping-particle": "et",
                    "family": "al."
                }
            ],
            "container-title": "Neurology",
            "id": "petersen2018mci",
            "issue": "3",
            "issued": {
                "date-parts": [
                    [
                        2018
                    ]
                ]
            },
            "page": "126-135",
            "title": "Practice guideline update summary: Mild cognitive impairment",
            "title-short": "Practice guideline update summary",
            "type": "article-journal",
            "volume": "90"
        },
        {
            "DOI": "10.1212/WNL.0000000000004826",
            "author": [
                {
                    "family": "Petersen",
                    "given": "Ronald C."
                },
                {
                    "family": "Lopez",
                    "given": "Oscar"
                },
                {
                    "family": "Armstrong",
                    "given": "Melissa J."
                },
                {
                    "dropping-particle": "et",
                    "family": "al."
                }
            ],
            "container-title": "Neurology",
            "id": "petersen2018mci",
            "issue": "3",
            "issued": {
                "date-parts": [
                    [
                        2018
                    ]
                ]
            },
            "page": "126-135",
            "title": "Practice guideline update summary: Mild cognitive impairment",
            "title-short": "Practice guideline update summary",
            "type": "article-journal",
            "volume": "90"
        },
        {
            "DOI": "10.1016/j.jalz.2018.02.018",
            "author": [
                {
                    "family": "Jack",
                    "given": "Clifford R."
                },
                {
                    "family": "Bennett",
                    "given": "David A."
                },
                {
                    "family": "Blennow",
                    "given": "Kaj"
                },
                {
                    "family": "Carrillo",
                    "given": "Maria C."
                },
                {
                    "family": "Dunn",
                    "given": "Barry"
                },
                {
                    "family": "Haeberlein",
                    "given": "Susan B."
                },
                {
                    "family": "Holtzman",
                    "given": "David M."
                },
                {
                    "family": "Jagust",
                    "given": "William"
                },
                {
                    "family": "Jessen",
                    "given": "Frank"
                },
                {
                    "family": "Karlawish",
                    "given": "Jason"
                },
                {
                    "family": "Liu",
                    "given": "Eugene"
                },
                {
                    "family": "Molinuevo",
                    "given": "José Luis"
                },
                {
                    "family": "Montine",
                    "given": "Thomas"
                },
                {
                    "family": "Phelps",
                    "given": "Creighton"
                },
                {
                    "family": "Rankin",
                    "given": "Kathy"
                },
                {
                    "family": "Rowe",
                    "given": "Christopher C."
                },
                {
                    "family": "Scheltens",
                    "given": "Philip"
                },
                {
                    "family": "Siemers",
                    "given": "Eric"
                },
                {
                    "family": "Snyder",
                    "given": "Heather M."
                },
                {
                    "family": "Sperling",
                    "given": "Reisa"
                }
            ],
            "container-title": "Alzheimer’s & Dementia",
            "id": "jack2018nia",
            "issue": "4",
            "issued": {
                "date-parts": [
                    [
                        2018
                    ]
                ]
            },
            "page": "535-562",
            "title": "NIA-AA research framework: Toward a biological definition of alzheimer’s disease",
            "title-short": "NIA-AA research framework",
            "type": "article-journal",
            "volume": "14"
        },
        {
            "DOI": "10.1016/S1474-4422(12)70191-6",
            "author": [
                {
                    "family": "Stern",
                    "given": "Yaakov"
                }
            ],
            "container-title": "The Lancet Neurology",
            "id": "stern2012cognitive",
            "issue": "11",
            "issued": {
                "date-parts": [
                    [
                        2012
                    ]
                ]
            },
            "page": "1006-1012",
            "title": "Cognitive reserve in ageing and alzheimer’s disease",
            "type": "article-journal",
            "volume": "11"
        },
        {
            "DOI": "10.1097/WAD.0b013e318185e43e",
            "author": [
                {
                    "family": "Fillenbaum",
                    "given": "G. G."
                },
                {
                    "dropping-particle": "van",
                    "family": "Belle",
                    "given": "G."
                },
                {
                    "family": "Morris",
                    "given": "J. C."
                },
                {
                    "family": "Mohs",
                    "given": "R. C."
                },
                {
                    "family": "Mirra",
                    "given": "S. S."
                },
                {
                    "family": "Davis",
                    "given": "P. C."
                },
                {
                    "family": "Tariot",
                    "given": "P. N."
                },
                {
                    "family": "Pfeiffer",
                    "given": "E."
                }
            ],
            "container-title": "Alzheimer Disease & Associated Disorders",
            "id": "fillenbaum2008cerad",
            "issue": "4",
            "issued": {
                "date-parts": [
                    [
                        2008
                    ]
                ]
            },
            "page": "S46-S49",
            "title": "Consortium to establish a registry for alzheimer’s disease (CERAD): The first twenty years of the CERAD neuropsychological battery",
            "title-short": "Consortium to establish a registry for alzheimer’s disease (CERAD)",
            "type": "article-journal",
            "volume": "22"
        },
        {
            "author": [
                {
                    "literal": "Trần Văn Hảo"
                }
            ],
            "container-title": "Tạp chí Y học Cộng đồng",
            "id": "hao2020",
            "issue": "4",
            "issued": {
                "date-parts": [
                    [
                        2020
                    ]
                ]
            },
            "page": "45-50",
            "title": "Khảo sát tình trạng suy giảm nhận thức ở người cao tuổi tại một phường nội thành TP. Hồ chí minh",
            "type": "article-journal",
            "volume": "60"
        },
        {
            "author": [
                {
                    "literal": "Trần Văn Hảo"
                },
                {
                    "literal": "Nguyễn Thị Tố Nga"
                }
            ],
            "container-title": "Tạp chí Y học Thực hành",
            "id": "tran2020vinhlonghocvan",
            "issued": {
                "date-parts": [
                    [
                        2020
                    ]
                ]
            },
            "page": "110-118",
            "title": "Ảnh hưởng của trình độ học vấn đến sa sút trí tuệ ở người cao tuổi tại vĩnh long",
            "type": "article-journal",
            "volume": "1080"
        },
        {
            "author": [
                {
                    "literal": "Trần Văn Hảo"
                },
                {
                    "literal": "Nguyễn Thị Tố Nga"
                }
            ],
            "container-title": "Tạp chí Y học Thực hành",
            "id": "tran2020vinhlonghocvan",
            "issued": {
                "date-parts": [
                    [
                        2020
                    ]
                ]
            },
            "page": "110-118",
            "title": "Ảnh hưởng của trình độ học vấn đến sa sút trí tuệ ở người cao tuổi tại vĩnh long",
            "type": "article-journal",
            "volume": "1080"
        },
        {
            "author": [
                {
                    "literal": "Trần Văn Hảo"
                },
                {
                    "literal": "Lê Thị Minh Nguyệt"
                }
            ],
            "container-title": "Tạp chí Y học Cộng đồng",
            "id": "hao2020",
            "issue": "4",
            "issued": {
                "date-parts": [
                    [
                        2020
                    ]
                ]
            },
            "page": "45-50",
            "title": "Khảo sát tình trạng suy giảm nhận thức ở người cao tuổi tại một phường nội thành TP. Hồ chí minh",
            "type": "article-journal",
            "volume": "60"
        },
        {
            "author": [
                {
                    "literal": "Lê Văn Tuấn"
                },
                {
                    "literal": "Trần Thị Hồng"
                },
                {
                    "literal": "Nguyễn Minh Phúc"
                }
            ],
            "container-title": "Tạp chí Y học Dự phòng",
            "id": "le2019travinhsstt",
            "issue": "4",
            "issued": {
                "date-parts": [
                    [
                        2019
                    ]
                ]
            },
            "page": "111-118",
            "title": "Khảo sát tỷ lệ sa sút trí tuệ ở người cao tuổi tại tỉnh trà vinh và một số yếu tố liên quan",
            "type": "article-journal",
            "volume": "29"
        },
        {
            "author": [
                {
                    "literal": "Trần Công Thắng"
                },
                {
                    "literal": "Nguyễn Thị Hồng Nhung"
                },
                {
                    "literal": "Phạm Minh Tuấn"
                }
            ],
            "container-title": "Tạp chí Y học Việt Nam",
            "id": "tran2016mmse",
            "issued": {
                "date-parts": [
                    [
                        2016
                    ]
                ]
            },
            "page": "23-29",
            "title": "Đánh giá phân độ sa sút trí tuệ bằng thang MMSE và mối liên quan với tuổi, học vấn, giới tính ở người cao tuổi",
            "type": "article-journal",
            "volume": "436"
        },
        {
            "author": [
                {
                    "literal": "Trần Công Thắng"
                },
                {
                    "literal": "Nguyễn Thị Hồng Nhung"
                },
                {
                    "literal": "Phạm Minh Tuấn"
                }
            ],
            "container-title": "Tạp chí Y học Việt Nam",
            "id": "tran2016mmse",
            "issued": {
                "date-parts": [
                    [
                        2016
                    ]
                ]
            },
            "page": "23-29",
            "title": "Đánh giá phân độ sa sút trí tuệ bằng thang MMSE và mối liên quan với tuổi, học vấn, giới tính ở người cao tuổi",
            "type": "article-journal",
            "volume": "436"
        },
        {
            "author": [
                {
                    "literal": "Nguyễn Thị Nhung"
                },
                {
                    "literal": "Phạm Văn Tâm"
                }
            ],
            "container-title": "Tạp chí Y học Thực hành",
            "id": "nhung2014",
            "issued": {
                "date-parts": [
                    [
                        2014
                    ]
                ]
            },
            "page": "58-62",
            "title": "Tỷ lệ và một số yếu tố liên quan đến sa sút trí tuệ ở người cao tuổi tại hà nội",
            "type": "article-journal",
            "volume": "940"
        },
        {
            "author": [
                {
                    "literal": "Australian Institute of Health and Welfare"
                }
            ],
            "id": "aihw2022dementia",
            "issued": {
                "date-parts": [
                    [
                        2022
                    ]
                ]
            },
            "note": "Accessed: 2023-01-20",
            "publisher": "AIHW, Australian Government",
            "title": "Dementia in australia",
            "type": ""
        },
        {
            "URL": "https://www.who.int/news-room/fact-sheets/detail/dementia",
            "author": [
                {
                    "literal": "World Health Organization"
                }
            ],
            "id": "who2021dementia",
            "issued": {
                "date-parts": [
                    [
                        2021
                    ]
                ]
            },
            "note": "Accessed: 2025-04-22",
            "title": "Dementia",
            "type": ""
        },
        {
            "URL": "https://www.helpage.org/wp-content/uploads/2023/06/vietnam-population-ageing-policy-case-study.pdf",
            "author": [
                {
                    "literal": "HelpAge International"
                }
            ],
            "id": "helpage2021vietnam",
            "issued": {
                "date-parts": [
                    [
                        2021
                    ]
                ]
            },
            "note": "Accessed: 2021-12-16",
            "title": "Vietnam: Population ageing policy case study",
            "title-short": "Vietnam",
            "type": ""
        },
        {
            "author": [
                {
                    "literal": "World Health Organization"
                }
            ],
            "id": "who2019risk",
            "issued": {
                "date-parts": [
                    [
                        2019
                    ]
                ]
            },
            "note": "Accessed: 2025-04-26",
            "title": "Risk reduction of cognitive decline and dementia: WHO guidelines",
            "title-short": "Risk reduction of cognitive decline and dementia",
            "type": ""
        },
        {
            "author": [
                {
                    "literal": "World Health Organization"
                }
            ],
            "id": "who2019risk",
            "issued": {
                "date-parts": [
                    [
                        2019
                    ]
                ]
            },
            "note": "Accessed: 2025-04-23",
            "title": "Risk reduction of cognitive decline and dementia: WHO guidelines",
            "title-short": "Risk reduction of cognitive decline and dementia",
            "type": ""
        },
        {
            "author": [
                {
                    "literal": "Tống Linh"
                }
            ],
            "id": "tong2017ageing",
            "issued": {
                "date-parts": [
                    [
                        2017
                    ]
                ]
            },
            "note": "Truy cập: 2021-12-28",
            "title": "Vietnam struggling with ageing population",
            "type": ""
        },
        {
            "author": [
                {
                    "family": "Prince",
                    "given": "Martin"
                },
                {
                    "family": "Wimo",
                    "given": "Anders"
                },
                {
                    "family": "Guerchet",
                    "given": "Maëlenn"
                },
                {
                    "family": "Ali",
                    "given": "Gemma-Claire"
                },
                {
                    "family": "Wu",
                    "given": "Yu-Tzu"
                },
                {
                    "family": "Prina",
                    "given": "Matthew"
                }
            ],
            "id": "prince2015world",
            "issued": {
                "date-parts": [
                    [
                        2015
                    ]
                ]
            },
            "title": "World alzheimer report 2015: The global impact of dementia",
            "title-short": "World alzheimer report 2015",
            "type": "report"
        },
        {
            "author": [
                {
                    "family": "Prince",
                    "given": "Martin"
                },
                {
                    "family": "Wimo",
                    "given": "Anders"
                },
                {
                    "family": "Guerchet",
                    "given": "Maëlenn"
                },
                {
                    "family": "Ali",
                    "given": "Gemma-Claire"
                },
                {
                    "family": "Wu",
                    "given": "Yu-Tzu"
                },
                {
                    "family": "Prina",
                    "given": "Matthew"
                }
            ],
            "id": "prince2015world",
            "issued": {
                "date-parts": [
                    [
                        2015
                    ]
                ]
            },
            "title": "World alzheimer report 2015: The global impact of dementia",
            "title-short": "World alzheimer report 2015",
            "type": "article-journal"
        },
        {
            "author": [
                {
                    "literal": "Martin Prince"
                },
                {
                    "literal": "Anders Wimo"
                },
                {
                    "literal": "Maëlenn Guerchet"
                },
                {
                    "literal": "Gemma-Claire Ali"
                },
                {
                    "literal": "Yu-Tzu Wu"
                },
                {
                    "literal": "Matthew Prina"
                }
            ],
            "id": "prince2015world",
            "issued": {
                "date-parts": [
                    [
                        2015
                    ]
                ]
            },
            "title": "World alzheimer report 2015: The global impact of dementia",
            "title-short": "World alzheimer report 2015",
            "type": "report"
        }
    ],
    "project_biblios": [
        "source/sstt_reference.bib"
    ]
}